cycle,Eall,EvdW,Emag,Ez,Edd,Ea,Mz,twist_deg,twist_rate,width_nm,coil_nm,acc_mech,acc_mag,delta_s,delta_a,delta_tw
0,-10.82597,-4.61948,-6.20649,-1.88018,-3.53296,-0.79335,0.2738,-17.57,-0.0182,30.48,0.85,0.374,0.691,1.337,0.1500,0.0500
25,-20.33307,-5.08925,-15.24382,-6.50842,-8.33086,-0.40454,0.9476,-20.61,-0.0213,30.89,0.39,0.293,0.664,1.207,0.1354,0.0500
50,-20.63693,-5.36235,-15.27457,-6.53032,-8.34004,-0.40421,0.9508,-19.55,-0.0202,30.98,1.05,0.281,0.650,1.035,0.1161,0.0500
75,-20.71901,-5.48411,-15.23490,-6.52162,-8.28101,-0.43227,0.9496,-19.04,-0.0197,30.93,0.77,0.278,0.635,0.934,0.1048,0.0500
100,-20.85033,-5.62018,-15.23015,-6.52788,-8.25189,-0.45037,0.9505,-14.62,-0.0151,30.84,1.09,0.282,0.619,0.801,0.0898,0.0500
125,-20.85245,-5.63551,-15.21694,-6.48719,-8.26316,-0.46659,0.9446,-12.27,-0.0127,31.17,4.64,0.288,0.603,0.722,0.0811,0.0500
150,-21.03391,-5.79233,-15.24157,-6.52069,-8.27183,-0.44905,0.9494,-15.64,-0.0162,30.82,2.27,0.299,0.587,0.619,0.0695,0.0500
175,-21.07712,-5.84932,-15.22780,-6.52649,-8.23030,-0.47101,0.9503,-14.50,-0.0150,30.54,2.78,0.309,0.574,0.559,0.0627,0.0500
200,-21.15675,-5.89564,-15.26111,-6.53438,-8.25717,-0.46957,0.9514,-14.29,-0.0148,30.49,3.44,0.321,0.565,0.479,0.0538,0.0500
225,-21.25034,-5.97994,-15.27040,-6.52008,-8.25466,-0.49565,0.9493,-17.35,-0.0180,30.99,2.01,0.335,0.558,0.433,0.0485,0.0500
250,-21.33084,-6.07360,-15.25724,-6.52772,-8.25148,-0.47804,0.9505,-16.75,-0.0174,31.10,3.13,0.348,0.552,0.371,0.0416,0.0500
275,-21.31975,-6.03761,-15.28214,-6.51669,-8.28082,-0.48463,0.9488,-14.86,-0.0154,30.37,4.49,0.362,0.548,0.370,0.0415,0.0500
300,-21.41464,-6.08884,-15.32581,-6.53662,-8.30925,-0.47993,0.9518,-19.24,-0.0199,30.71,4.18,0.373,0.544,0.351,0.0393,0.0500
325,-21.36667,-6.07943,-15.28723,-6.53043,-8.27339,-0.48342,0.9508,-15.56,-0.0161,31.09,2.95,0.383,0.541,0.350,0.0392,0.0500
350,-21.42259,-6.14405,-15.27854,-6.51077,-8.27718,-0.49060,0.9480,-109.08,-0.1131,31.07,2.01,0.393,0.538,0.366,0.0411,0.0500
375,-21.45114,-6.14588,-15.30525,-6.53997,-8.26637,-0.49891,0.9522,-17.30,-0.0179,31.45,2.41,0.400,0.536,0.365,0.0410,0.0500
400,-21.40763,-6.16576,-15.24187,-6.48625,-8.26292,-0.49270,0.9444,-18.76,-0.0194,31.26,1.91,0.406,0.534,0.346,0.0388,0.0500
425,-21.49224,-6.20179,-15.29045,-6.51957,-8.26607,-0.50481,0.9493,-21.33,-0.0221,31.27,1.75,0.412,0.532,0.345,0.0387,0.0500
450,-21.47014,-6.23549,-15.23465,-6.47019,-8.26267,-0.50178,0.9421,-111.79,-0.1159,31.55,2.04,0.416,0.530,0.327,0.0367,0.0500
475,-21.53361,-6.26446,-15.26915,-6.49765,-8.27284,-0.49866,0.9461,70.27,0.0728,31.27,2.10,0.421,0.528,0.326,0.0366,0.0500
500,-21.57871,-6.29266,-15.28605,-6.51957,-8.26660,-0.49987,0.9493,68.30,0.0708,31.09,1.83,0.425,0.527,0.342,0.0384,0.0500
525,-21.62628,-6.32830,-15.29798,-6.53575,-8.26500,-0.49723,0.9516,-17.01,-0.0176,30.88,1.72,0.428,0.526,0.341,0.0383,0.0500
550,-21.55837,-6.25970,-15.29867,-6.52953,-8.27059,-0.49855,0.9507,72.85,0.0755,30.90,2.75,0.432,0.525,0.323,0.0363,0.0500
575,-21.67647,-6.41399,-15.26248,-6.51979,-8.24075,-0.50194,0.9493,73.37,0.0760,30.86,2.84,0.434,0.523,0.322,0.0362,0.0500
600,-21.73525,-6.44316,-15.29208,-6.50891,-8.28024,-0.50294,0.9477,74.31,0.0770,30.61,4.13,0.437,0.522,0.338,0.0379,0.0500
625,-21.67967,-6.43175,-15.24793,-6.51628,-8.24331,-0.48833,0.9488,74.39,0.0771,31.37,2.68,0.439,0.521,0.305,0.0342,0.0500
650,-21.67962,-6.36682,-15.31281,-6.53120,-8.27417,-0.50743,0.9510,74.37,0.0771,30.49,3.70,0.441,0.521,0.289,0.0324,0.0500
675,-21.67361,-6.42279,-15.25082,-6.50529,-8.23672,-0.50881,0.9472,-15.83,-0.0164,31.32,2.16,0.444,0.520,0.318,0.0357,0.0500
700,-21.66720,-6.43303,-15.23417,-6.49652,-8.20615,-0.53150,0.9459,74.37,0.0771,31.40,1.88,0.446,0.519,0.333,0.0374,0.0500
725,-21.70923,-6.43255,-15.27668,-6.51554,-8.23932,-0.52182,0.9487,-15.57,-0.0161,31.14,1.73,0.447,0.519,0.333,0.0373,0.0500
750,-21.63915,-6.36066,-15.27849,-6.51234,-8.22896,-0.53719,0.9482,-16.08,-0.0167,30.96,2.21,0.449,0.518,0.315,0.0354,0.0500
775,-21.73032,-6.46257,-15.26775,-6.51486,-8.23530,-0.51760,0.9486,-15.61,-0.0162,31.01,1.62,0.450,0.518,0.314,0.0353,0.0500
800,-21.75067,-6.45498,-15.29569,-6.51925,-8.24924,-0.52720,0.9492,-15.84,-0.0164,31.06,1.82,0.452,0.517,0.298,0.0334,0.0500
825,-21.78997,-6.50051,-15.28946,-6.52217,-8.24989,-0.51740,0.9496,-15.86,-0.0164,30.96,1.70,0.453,0.517,0.297,0.0333,0.0500
850,-21.79865,-6.53379,-15.26486,-6.50926,-8.20755,-0.54805,0.9478,74.11,0.0768,30.49,2.41,0.454,0.517,0.282,0.0316,0.0500
875,-21.85370,-6.56301,-15.29069,-6.50329,-8.23647,-0.55093,0.9469,-15.05,-0.0156,31.11,2.14,0.456,0.516,0.281,0.0315,0.0500
900,-21.84887,-6.57311,-15.27576,-6.52950,-8.22774,-0.51852,0.9507,-15.34,-0.0159,30.73,3.17,0.457,0.516,0.294,0.0330,0.0500
925,-21.87292,-6.55869,-15.31424,-6.53261,-8.25532,-0.52631,0.9512,-15.74,-0.0163,31.12,2.07,0.459,0.516,0.293,0.0329,0.0500
950,-21.87278,-6.56916,-15.30363,-6.52210,-8.24540,-0.53612,0.9496,-15.82,-0.0164,31.08,1.89,0.460,0.515,0.307,0.0345,0.0500
975,-21.91605,-6.61722,-15.29883,-6.52805,-8.23468,-0.53610,0.9505,-15.56,-0.0161,30.75,1.72,0.461,0.515,0.307,0.0344,0.0500
1000,-21.95571,-6.66882,-15.28690,-6.51709,-8.24242,-0.52738,0.9489,-15.85,-0.0164,31.07,1.59,0.462,0.514,0.291,0.0326,0.0500
1025,-21.92181,-6.60603,-15.31578,-6.51842,-8.25779,-0.53957,0.9491,-15.38,-0.0159,31.22,1.70,0.463,0.514,0.290,0.0325,0.0500
1050,-21.98383,-6.67118,-15.31265,-6.52868,-8.25621,-0.52776,0.9506,-15.13,-0.0157,30.95,1.96,0.463,0.513,0.304,0.0341,0.0500
1075,-21.91371,-6.63718,-15.27653,-6.51883,-8.21545,-0.54225,0.9492,-14.49,-0.0150,30.74,3.33,0.464,0.513,0.303,0.0340,0.0500
1100,-21.93745,-6.66492,-15.27253,-6.52650,-8.20268,-0.54335,0.9503,-15.02,-0.0156,31.11,2.23,0.464,0.513,0.287,0.0322,0.0500
1125,-21.91245,-6.59314,-15.31931,-6.53781,-8.25654,-0.52496,0.9519,-15.39,-0.0159,30.62,2.35,0.465,0.512,0.286,0.0321,0.0500
1150,-21.96842,-6.64546,-15.32296,-6.53965,-8.26980,-0.51352,0.9522,-15.30,-0.0158,30.94,2.67,0.466,0.512,0.271,0.0304,0.0500
1175,-21.98055,-6.65924,-15.32130,-6.52917,-8.27001,-0.52212,0.9507,-15.49,-0.0160,30.56,2.58,0.467,0.512,0.271,0.0304,0.0500
1200,-22.00369,-6.69209,-15.31160,-6.52720,-8.23379,-0.55061,0.9504,-15.93,-0.0165,30.88,2.11,0.467,0.512,0.283,0.0318,0.0500
1225,-22.00773,-6.69281,-15.31492,-6.54306,-8.24315,-0.52871,0.9527,-16.44,-0.0170,30.70,2.85,0.468,0.511,0.283,0.0317,0.0500
1250,-22.01881,-6.69398,-15.32483,-6.54302,-8.25419,-0.52762,0.9527,-15.80,-0.0164,30.89,2.69,0.468,0.511,0.268,0.0301,0.0500
1275,-21.94911,-6.65917,-15.28993,-6.51239,-8.21723,-0.56031,0.9482,-16.26,-0.0168,30.71,2.87,0.469,0.511,0.267,0.0300,0.0500
1300,-22.04114,-6.73386,-15.30728,-6.52137,-8.23439,-0.55151,0.9495,-17.31,-0.0179,30.95,2.78,0.470,0.511,0.280,0.0314,0.0500
1325,-22.04895,-6.73406,-15.31490,-6.53646,-8.25076,-0.52767,0.9517,72.04,0.0746,30.86,2.68,0.470,0.511,0.279,0.0313,0.0500
1350,-22.05484,-6.76000,-15.29485,-6.52460,-8.21693,-0.55332,0.9500,71.96,0.0745,30.66,3.23,0.470,0.511,0.265,0.0297,0.0500
1375,-22.09996,-6.80209,-15.29787,-6.50622,-8.24077,-0.55088,0.9473,71.78,0.0743,30.69,3.23,0.471,0.511,0.264,0.0296,0.0500
1400,-22.06830,-6.77527,-15.29303,-6.54480,-8.20475,-0.54348,0.9529,71.55,0.0741,30.74,3.26,0.471,0.510,0.276,0.0310,0.0500
1425,-22.01348,-6.72953,-15.28394,-6.52621,-8.19553,-0.56221,0.9502,-18.74,-0.0194,30.79,2.98,0.472,0.510,0.276,0.0309,0.0500
1450,-22.10724,-6.81015,-15.29708,-6.51514,-8.23400,-0.54794,0.9486,-18.40,-0.0191,31.01,2.78,0.472,0.510,0.261,0.0293,0.0500
1475,-22.09435,-6.79770,-15.29665,-6.53919,-8.19953,-0.55793,0.9521,-18.46,-0.0191,30.88,3.02,0.473,0.510,0.288,0.0323,0.0500
1500,-22.04243,-6.73426,-15.30817,-6.54058,-8.22202,-0.54556,0.9523,-22.51,-0.0233,31.17,3.03,0.473,0.510,0.273,0.0306,0.0500
1525,-22.00711,-6.71268,-15.29443,-6.50985,-8.23282,-0.55177,0.9479,-112.25,-0.1163,30.59,4.30,0.473,0.509,0.272,0.0305,0.0500
1550,-22.03720,-6.72699,-15.31021,-6.53756,-8.22938,-0.54327,0.9519,-21.95,-0.0227,30.80,4.02,0.474,0.509,0.258,0.0289,0.0500
1575,-22.12371,-6.80925,-15.31445,-6.52532,-8.24347,-0.54567,0.9501,-23.34,-0.0242,30.87,3.94,0.474,0.509,0.257,0.0289,0.0500
1600,-22.06020,-6.77863,-15.28157,-6.52208,-8.20177,-0.55772,0.9496,-21.79,-0.0226,31.15,3.15,0.475,0.509,0.270,0.0302,0.0500
1625,-22.10949,-6.81665,-15.29284,-6.51056,-8.22644,-0.55585,0.9480,-22.82,-0.0236,30.74,3.96,0.476,0.509,0.269,0.0302,0.0500
1650,-22.19434,-6.84257,-15.35177,-6.54636,-8.27110,-0.53431,0.9532,-22.44,-0.0232,30.64,2.96,0.476,0.509,0.255,0.0286,0.0500
1675,-22.06600,-6.80573,-15.26027,-6.50410,-8.20114,-0.55504,0.9470,-111.74,-0.1157,30.83,2.95,0.476,0.509,0.281,0.0315,0.0500
1700,-22.11924,-6.86342,-15.25582,-6.51934,-8.18647,-0.55001,0.9492,-112.27,-0.1162,30.65,2.69,0.476,0.509,0.266,0.0299,0.0500
1725,-22.07928,-6.78291,-15.29637,-6.53970,-8.21305,-0.54361,0.9522,-21.60,-0.0224,30.95,2.39,0.477,0.509,0.266,0.0298,0.0500
1750,-22.12635,-6.84869,-15.27766,-6.49163,-8.23165,-0.55438,0.9452,-22.08,-0.0229,30.81,2.76,0.477,0.509,0.278,0.0312,0.0500
1775,-22.08152,-6.84815,-15.23337,-6.51317,-8.16135,-0.55885,0.9483,-22.09,-0.0229,31.31,3.62,0.478,0.509,0.277,0.0311,0.0500
1800,-22.04926,-6.79719,-15.25207,-6.52384,-8.18545,-0.54278,0.9499,-22.34,-0.0231,31.26,3.32,0.478,0.508,0.263,0.0295,0.0500
1825,-22.10805,-6.79672,-15.31133,-6.52954,-8.24302,-0.53876,0.9507,-22.86,-0.0237,31.18,3.14,0.478,0.508,0.262,0.0294,0.0500
1850,-22.08893,-6.80208,-15.28685,-6.53973,-8.21017,-0.53696,0.9522,-111.88,-0.1158,31.23,2.71,0.478,0.508,0.248,0.0279,0.0500
1875,-22.11163,-6.77514,-15.33649,-6.51099,-8.27121,-0.55429,0.9480,-21.45,-0.0222,31.16,3.90,0.479,0.508,0.274,0.0307,0.0500
1900,-22.04321,-6.76865,-15.27456,-6.52430,-8.20266,-0.54760,0.9500,-22.99,-0.0238,31.17,3.44,0.479,0.508,0.260,0.0291,0.0500
1925,-22.12156,-6.82440,-15.29716,-6.52250,-8.21684,-0.55783,0.9497,-22.57,-0.0234,31.07,3.27,0.479,0.508,0.286,0.0321,0.0500
1950,-22.11083,-6.81108,-15.29975,-6.51518,-8.22630,-0.55827,0.9486,-21.22,-0.0220,30.99,3.35,0.480,0.508,0.271,0.0304,0.0500
1975,-22.10046,-6.80472,-15.29574,-6.52282,-8.21668,-0.55624,0.9497,-22.84,-0.0236,31.30,2.88,0.480,0.508,0.271,0.0304,0.0500
2000,-22.13970,-6.82286,-15.31684,-6.52030,-8.24255,-0.55399,0.9494,-23.29,-0.0241,30.66,3.70,0.480,0.507,0.283,0.0318,0.0500
2025,-22.19508,-6.85877,-15.33631,-6.54488,-8.24447,-0.54697,0.9530,-23.33,-0.0242,30.84,3.46,0.480,0.507,0.283,0.0318,0.0500
2050,-22.13994,-6.89966,-15.24028,-6.51036,-8.18425,-0.54567,0.9479,-23.74,-0.0246,31.01,3.17,0.480,0.507,0.283,0.0318,0.0500
2075,-22.18110,-6.89252,-15.28857,-6.50251,-8.20537,-0.58070,0.9468,-23.78,-0.0246,30.81,3.34,0.480,0.507,0.283,0.0318,0.0500
2100,-22.18844,-6.89278,-15.29566,-6.52705,-8.22119,-0.54743,0.9504,-24.40,-0.0253,31.03,2.93,0.480,0.507,0.283,0.0318,0.0500
2125,-22.19476,-6.89372,-15.30104,-6.51604,-8.22232,-0.56268,0.9488,-22.49,-0.0233,31.09,3.35,0.480,0.507,0.283,0.0318,0.0500
2150,-22.24033,-6.95326,-15.28707,-6.51252,-8.22026,-0.55429,0.9482,-22.64,-0.0235,30.72,3.74,0.480,0.507,0.283,0.0318,0.0500
2175,-22.15921,-6.86314,-15.29607,-6.51592,-8.23871,-0.54144,0.9487,-21.95,-0.0227,31.12,3.39,0.480,0.506,0.283,0.0318,0.0500
2200,-22.20495,-6.94096,-15.26399,-6.50471,-8.19959,-0.55969,0.9471,67.56,0.0700,30.53,3.85,0.480,0.506,0.283,0.0318,0.0500
2225,-22.28957,-6.94658,-15.34300,-6.53541,-8.25498,-0.55261,0.9516,-21.91,-0.0227,30.73,2.81,0.480,0.506,0.283,0.0318,0.0500
2250,-22.23929,-6.92967,-15.30962,-6.51950,-8.20752,-0.58261,0.9493,-21.46,-0.0222,31.04,3.05,0.480,0.506,0.283,0.0318,0.0500
2275,-22.19527,-6.93579,-15.25948,-6.48660,-8.20356,-0.56932,0.9445,-111.55,-0.1155,30.77,3.13,0.480,0.506,0.283,0.0318,0.0500
2300,-22.20848,-6.91161,-15.29687,-6.51377,-8.22237,-0.56073,0.9484,-20.93,-0.0217,30.68,3.86,0.480,0.506,0.283,0.0318,0.0500
2325,-22.22551,-6.90406,-15.32145,-6.53891,-8.21716,-0.56538,0.9521,-21.30,-0.0221,31.33,2.84,0.480,0.506,0.283,0.0318,0.0500
2350,-22.28212,-6.97173,-15.31039,-6.52741,-8.23132,-0.55166,0.9504,-21.55,-0.0223,31.06,3.34,0.480,0.506,0.283,0.0318,0.0500
2375,-22.21960,-6.90833,-15.31127,-6.52378,-8.22754,-0.55994,0.9499,67.56,0.0700,30.67,3.71,0.480,0.506,0.283,0.0318,0.0500
2400,-22.24654,-6.96255,-15.28400,-6.50569,-8.22551,-0.55280,0.9472,-22.66,-0.0235,30.86,3.88,0.480,0.505,0.283,0.0318,0.0500
2425,-22.22362,-6.92314,-15.30048,-6.53633,-8.21331,-0.55083,0.9517,67.65,0.0701,31.16,3.57,0.480,0.505,0.283,0.0318,0.0500
2450,-22.30143,-6.98584,-15.31559,-6.51567,-8.24505,-0.55486,0.9487,-22.15,-0.0229,30.93,4.04,0.480,0.505,0.283,0.0318,0.0500
2475,-22.24048,-6.96375,-15.27673,-6.51586,-8.20171,-0.55916,0.9487,-21.57,-0.0223,30.74,3.66,0.480,0.505,0.283,0.0318,0.0500
2500,-22.22642,-6.97115,-15.25527,-6.48988,-8.20763,-0.55776,0.9449,-21.39,-0.0222,31.01,4.05,0.479,0.505,0.283,0.0318,0.0500
2525,-22.34732,-7.00752,-15.33980,-6.52101,-8.25914,-0.55965,0.9495,-20.65,-0.0214,30.97,4.08,0.479,0.505,0.283,0.0318,0.0500
2550,-22.40768,-7.06148,-15.34620,-6.53808,-8.27016,-0.53796,0.9520,-20.78,-0.0215,30.94,4.04,0.479,0.505,0.283,0.0318,0.0500
2575,-22.35291,-7.06695,-15.28596,-6.51698,-8.22279,-0.54619,0.9489,-18.25,-0.0189,31.10,3.73,0.479,0.505,0.283,0.0318,0.0500
2600,-22.35718,-7.04898,-15.30820,-6.52631,-8.23410,-0.54779,0.9502,-16.21,-0.0168,30.66,5.35,0.479,0.505,0.283,0.0318,0.0500
2625,-22.38936,-7.10370,-15.28566,-6.52527,-8.21453,-0.54586,0.9501,-17.73,-0.0184,30.78,5.48,0.479,0.504,0.283,0.0318,0.0500
2650,-22.34714,-7.05842,-15.28872,-6.52606,-8.19803,-0.56463,0.9502,-17.38,-0.0180,30.91,4.92,0.479,0.504,0.283,0.0318,0.0500
2675,-22.40276,-7.10685,-15.29591,-6.54339,-8.20144,-0.55108,0.9527,-18.64,-0.0193,30.93,4.84,0.479,0.504,0.283,0.0318,0.0500
2700,-22.37324,-7.07027,-15.30297,-6.52843,-8.20667,-0.56786,0.9506,-18.38,-0.0190,30.78,5.31,0.479,0.504,0.283,0.0318,0.0500
2725,-22.40449,-7.11327,-15.29122,-6.50346,-8.22530,-0.56246,0.9469,-18.41,-0.0191,30.15,5.18,0.479,0.504,0.283,0.0318,0.0500
2750,-22.31710,-7.06260,-15.25450,-6.52260,-8.17361,-0.55829,0.9497,72.10,0.0747,30.59,4.37,0.479,0.504,0.283,0.0318,0.0500
2775,-22.41439,-7.09854,-15.31586,-6.54030,-8.21342,-0.56213,0.9523,-15.26,-0.0158,30.86,4.85,0.479,0.504,0.283,0.0318,0.0500
2800,-22.35704,-7.07649,-15.28054,-6.48966,-8.22217,-0.56872,0.9449,75.05,0.0777,30.59,4.87,0.479,0.504,0.283,0.0318,0.0500
2825,-22.40507,-7.08565,-15.31942,-6.50316,-8.23905,-0.57721,0.9469,75.25,0.0780,31.24,4.53,0.479,0.504,0.283,0.0318,0.0500
2850,-22.34593,-7.05571,-15.29021,-6.53313,-8.19727,-0.55982,0.9512,-16.83,-0.0174,30.61,5.09,0.478,0.504,0.283,0.0318,0.0500
2875,-22.33505,-7.01654,-15.31851,-6.50629,-8.24565,-0.56658,0.9473,-16.86,-0.0175,30.55,5.26,0.478,0.504,0.283,0.0318,0.0500
2900,-22.42547,-7.14023,-15.28524,-6.50884,-8.19739,-0.57902,0.9477,-15.71,-0.0163,30.62,5.12,0.478,0.504,0.283,0.0318,0.0500
2925,-22.44171,-7.15199,-15.28972,-6.50327,-8.19830,-0.58815,0.9469,-16.41,-0.0170,30.67,4.87,0.478,0.503,0.283,0.0318,0.0500
2950,-22.47889,-7.15519,-15.32371,-6.52835,-8.23361,-0.56175,0.9505,-15.87,-0.0164,30.38,5.56,0.478,0.503,0.283,0.0318,0.0500
2975,-22.46518,-7.14764,-15.31755,-6.53200,-8.21495,-0.57060,0.9511,-105.16,-0.1089,29.92,5.82,0.478,0.503,0.283,0.0318,0.0500
3000,-22.47249,-7.17046,-15.30203,-6.52617,-8.21944,-0.55641,0.9502,-17.02,-0.0176,30.61,5.63,0.478,0.503,0.269,0.0302,0.0500
3025,-22.43245,-7.14130,-15.29115,-6.50076,-8.21729,-0.57311,0.9465,-16.65,-0.0172,30.39,5.57,0.478,0.503,0.269,0.0302,0.0500
3050,-22.48608,-7.15974,-15.32634,-6.52786,-8.23090,-0.56758,0.9505,72.56,0.0752,30.54,6.10,0.478,0.503,0.269,0.0302,0.0500
3075,-22.51247,-7.19382,-15.31865,-6.50438,-8.22539,-0.58888,0.9471,-16.68,-0.0173,30.64,5.68,0.478,0.503,0.269,0.0302,0.0500
3100,-22.50087,-7.14815,-15.35272,-6.51370,-8.25844,-0.58058,0.9484,-17.12,-0.0177,29.96,5.88,0.478,0.503,0.269,0.0302,0.0500
3125,-22.52544,-7.20021,-15.32523,-6.53069,-8.22880,-0.56574,0.9509,-17.72,-0.0184,30.11,5.92,0.478,0.504,0.269,0.0302,0.0500
3150,-22.46610,-7.17995,-15.28615,-6.50739,-8.20261,-0.57616,0.9475,72.95,0.0756,30.46,5.28,0.477,0.504,0.269,0.0302,0.0500
3175,-22.49275,-7.20110,-15.29165,-6.51242,-8.20541,-0.57382,0.9482,72.50,0.0751,30.39,5.70,0.477,0.504,0.269,0.0302,0.0500
3200,-22.49609,-7.16813,-15.32796,-6.50372,-8.23594,-0.58831,0.9470,72.85,0.0755,30.14,5.73,0.477,0.504,0.269,0.0302,0.0500
3225,-22.48147,-7.17780,-15.30367,-6.49858,-8.22267,-0.58242,0.9462,-18.04,-0.0187,29.97,6.12,0.477,0.504,0.269,0.0302,0.0500
3250,-22.56426,-7.24974,-15.31452,-6.50484,-8.23597,-0.57371,0.9471,-17.42,-0.0180,30.02,6.35,0.477,0.504,0.269,0.0302,0.0500
3275,-22.53602,-7.23628,-15.29974,-6.48514,-8.23037,-0.58422,0.9443,-17.74,-0.0184,29.66,6.12,0.477,0.504,0.269,0.0302,0.0500
3300,-22.61168,-7.27122,-15.34046,-6.54366,-8.24155,-0.55525,0.9528,-17.72,-0.0184,30.33,5.93,0.477,0.504,0.269,0.0302,0.0500
3325,-22.59272,-7.26714,-15.32558,-6.51256,-8.23471,-0.57831,0.9482,73.13,0.0758,29.89,5.80,0.477,0.504,0.269,0.0302,0.0500
3350,-22.55934,-7.24652,-15.31282,-6.50614,-8.21909,-0.58759,0.9473,72.78,0.0754,30.47,5.83,0.477,0.504,0.269,0.0302,0.0500
3375,-22.57461,-7.25539,-15.31922,-6.51105,-8.24985,-0.55832,0.9480,-17.49,-0.0181,30.00,6.06,0.476,0.504,0.269,0.0302,0.0500
3400,-22.67282,-7.29407,-15.37875,-6.55792,-8.26884,-0.55199,0.9549,-17.15,-0.0178,30.15,5.83,0.476,0.504,0.269,0.0302,0.0500
3425,-22.54598,-7.27821,-15.26777,-6.47470,-8.21582,-0.57725,0.9427,-17.62,-0.0183,30.04,6.11,0.476,0.504,0.269,0.0302,0.0500
3450,-22.60930,-7.25915,-15.35016,-6.52674,-8.25422,-0.56920,0.9503,-17.08,-0.0177,30.04,6.21,0.476,0.504,0.269,0.0302,0.0500
3475,-22.62617,-7.28885,-15.33732,-6.51447,-8.24355,-0.57930,0.9485,-17.91,-0.0186,30.01,6.23,0.476,0.504,0.269,0.0302,0.0500
3500,-22.66294,-7.31031,-15.35262,-6.51826,-8.24696,-0.58741,0.9491,-16.45,-0.0171,29.96,6.53,0.476,0.504,0.269,0.0302,0.0500
3525,-22.77606,-7.35876,-15.41730,-6.54299,-8.31046,-0.56385,0.9527,-17.61,-0.0183,30.12,6.28,0.476,0.504,0.269,0.0302,0.0500
3550,-22.64085,-7.29137,-15.34948,-6.52507,-8.26106,-0.56334,0.9501,-18.56,-0.0192,30.09,6.82,0.476,0.504,0.269,0.0302,0.0500
3575,-22.67997,-7.29843,-15.38155,-6.56386,-8.26511,-0.55257,0.9557,-18.63,-0.0193,30.06,6.66,0.476,0.504,0.269,0.0302,0.0500
3600,-22.70892,-7.34961,-15.35931,-6.52695,-8.26292,-0.56945,0.9503,-18.87,-0.0196,30.07,6.63,0.475,0.504,0.269,0.0302,0.0500
3625,-22.67138,-7.35344,-15.31795,-6.50570,-8.21982,-0.59242,0.9473,-18.82,-0.0195,30.55,5.73,0.475,0.504,0.269,0.0302,0.0500
3650,-22.72899,-7.36857,-15.36042,-6.51454,-8.27592,-0.56997,0.9485,-18.66,-0.0193,30.57,6.14,0.475,0.504,0.269,0.0302,0.0500
3675,-22.68947,-7.38253,-15.30694,-6.51801,-8.20773,-0.58120,0.9490,-18.21,-0.0189,30.12,6.26,0.475,0.504,0.269,0.0302,0.0500
3700,-22.79842,-7.38276,-15.41567,-6.56485,-8.28188,-0.56894,0.9559,-17.94,-0.0186,29.81,6.57,0.475,0.504,0.269,0.0302,0.0500
3725,-22.75534,-7.42383,-15.33151,-6.52800,-8.24446,-0.55905,0.9505,-18.34,-0.0190,29.76,6.04,0.475,0.504,0.269,0.0302,0.0500
3750,-22.77114,-7.44212,-15.32902,-6.51219,-8.20869,-0.60814,0.9482,71.79,0.0744,29.79,6.15,0.474,0.504,0.269,0.0302,0.0500
3775,-22.78567,-7.38909,-15.39659,-6.52785,-8.28541,-0.58333,0.9505,-18.26,-0.0189,29.87,6.30,0.474,0.504,0.269,0.0302,0.0500
3800,-22.77479,-7.39565,-15.37913,-6.52466,-8.27302,-0.58145,0.9500,-18.48,-0.0192,30.08,6.69,0.474,0.504,0.269,0.0302,0.0500
3825,-22.78398,-7.42599,-15.35799,-6.52703,-8.23963,-0.59133,0.9504,71.37,0.0740,30.01,5.76,0.474,0.504,0.269,0.0302,0.0500
3850,-22.79606,-7.43933,-15.35673,-6.52320,-8.25177,-0.58176,0.9498,71.50,0.0741,30.07,5.87,0.474,0.504,0.269,0.0302,0.0500
3875,-22.80839,-7.43487,-15.37352,-6.53986,-8.28597,-0.54769,0.9522,71.83,0.0744,29.98,6.22,0.473,0.504,0.269,0.0302,0.0500
3900,-22.80065,-7.41949,-15.38116,-6.53597,-8.24800,-0.59719,0.9517,72.15,0.0748,30.26,5.94,0.473,0.504,0.269,0.0302,0.0500
3925,-22.75116,-7.44275,-15.30841,-6.50343,-8.22809,-0.57689,0.9469,-17.92,-0.0186,29.91,6.78,0.473,0.505,0.269,0.0302,0.0500
3950,-22.81020,-7.45499,-15.35521,-6.53302,-8.25151,-0.57067,0.9512,-17.64,-0.0183,29.74,6.77,0.473,0.505,0.269,0.0302,0.0500
3975,-22.79882,-7.45648,-15.34234,-6.52587,-8.23590,-0.58057,0.9502,72.82,0.0755,30.06,6.98,0.473,0.505,0.269,0.0302,0.0500
4000,-22.89362,-7.52498,-15.36864,-6.52594,-8.24026,-0.60244,0.9502,72.24,0.0749,30.26,6.48,0.473,0.505,0.256,0.0287,0.0500
4025,-22.81223,-7.43995,-15.37228,-6.54083,-8.25928,-0.57217,0.9524,71.12,0.0737,30.05,6.55,0.473,0.505,0.256,0.0287,0.0500
4050,-22.84785,-7.47215,-15.37570,-6.55274,-8.24581,-0.57715,0.9541,72.21,0.0748,30.26,5.80,0.473,0.504,0.256,0.0287,0.0500
4075,-22.87325,-7.49428,-15.37897,-6.53935,-8.25173,-0.58790,0.9521,73.71,0.0764,29.88,6.96,0.473,0.504,0.256,0.0287,0.0500
4100,-22.91193,-7.52386,-15.38808,-6.54113,-8.25992,-0.58704,0.9524,72.26,0.0749,30.14,6.28,0.472,0.504,0.256,0.0287,0.0500
4125,-22.81883,-7.46048,-15.35835,-6.52448,-8.24120,-0.59267,0.9500,71.33,0.0739,29.86,7.03,0.472,0.504,0.256,0.0287,0.0500
4150,-22.86859,-7.51197,-15.35662,-6.51573,-8.24556,-0.59533,0.9487,70.22,0.0728,30.28,6.67,0.472,0.504,0.256,0.0287,0.0500
4175,-22.94932,-7.55484,-15.39449,-6.53047,-8.27962,-0.58440,0.9509,71.37,0.0740,30.04,6.92,0.472,0.504,0.256,0.0287,0.0500
4200,-22.89943,-7.51582,-15.38361,-6.50585,-8.27337,-0.60440,0.9473,72.24,0.0749,30.27,6.74,0.472,0.504,0.256,0.0287,0.0500
4225,-22.84022,-7.47293,-15.36729,-6.53255,-8.25039,-0.58434,0.9512,72.00,0.0746,29.95,6.87,0.472,0.504,0.256,0.0287,0.0500
4250,-22.78805,-7.50359,-15.28446,-6.51213,-8.18324,-0.58909,0.9482,71.66,0.0743,30.53,6.04,0.472,0.504,0.256,0.0287,0.0500
4275,-22.83788,-7.51821,-15.31968,-6.52372,-8.19547,-0.60048,0.9499,71.59,0.0742,30.26,6.50,0.472,0.504,0.256,0.0287,0.0500
4300,-22.87189,-7.53572,-15.33617,-6.51086,-8.24196,-0.58334,0.9480,71.15,0.0738,30.24,6.51,0.472,0.504,0.256,0.0287,0.0500
4325,-22.79286,-7.49628,-15.29658,-6.51075,-8.18946,-0.59637,0.9480,70.41,0.0730,30.34,6.34,0.472,0.504,0.256,0.0287,0.0500
4350,-22.91392,-7.52769,-15.38624,-6.55904,-8.24894,-0.57826,0.9550,70.67,0.0733,30.46,6.18,0.472,0.504,0.256,0.0287,0.0500
4375,-22.93021,-7.55551,-15.37470,-6.52936,-8.25717,-0.58817,0.9507,70.61,0.0732,30.48,6.19,0.472,0.504,0.256,0.0287,0.0500
4400,-22.91193,-7.53090,-15.38104,-6.52229,-8.26032,-0.59842,0.9497,71.32,0.0739,30.77,6.26,0.471,0.504,0.256,0.0287,0.0500
4425,-22.90168,-7.56836,-15.33331,-6.50803,-8.24713,-0.57815,0.9476,-19.24,-0.0199,30.47,6.21,0.472,0.504,0.256,0.0287,0.0500
4450,-22.94555,-7.55930,-15.38624,-6.54797,-8.26069,-0.57759,0.9534,71.19,0.0738,30.28,6.06,0.471,0.503,0.256,0.0287,0.0500
4475,-22.98059,-7.56251,-15.41808,-6.55482,-8.28638,-0.57688,0.9544,70.39,0.0730,30.13,6.53,0.471,0.503,0.256,0.0287,0.0500
4500,-22.94300,-7.57592,-15.36708,-6.53315,-8.25205,-0.58189,0.9512,71.56,0.0742,30.46,6.17,0.471,0.503,0.256,0.0287,0.0500
4525,-22.95679,-7.59351,-15.36328,-6.52470,-8.25765,-0.58093,0.9500,71.96,0.0746,30.35,6.54,0.471,0.503,0.256,0.0287,0.0500
4550,-22.94782,-7.61878,-15.32905,-6.53170,-8.23498,-0.56236,0.9510,72.15,0.0748,30.39,6.29,0.471,0.503,0.256,0.0287,0.0500
4575,-22.94531,-7.56878,-15.37653,-6.53899,-8.24459,-0.59295,0.9521,72.61,0.0753,30.02,6.61,0.471,0.503,0.256,0.0287,0.0500
4600,-22.90789,-7.58695,-15.32094,-6.52085,-8.19240,-0.60769,0.9495,72.08,0.0747,29.95,6.31,0.471,0.503,0.256,0.0287,0.0500
4625,-22.87313,-7.58470,-15.28843,-6.50276,-8.19418,-0.59149,0.9468,71.73,0.0744,30.02,6.31,0.471,0.503,0.256,0.0287,0.0500
4650,-22.90953,-7.60492,-15.30461,-6.51275,-8.19114,-0.60072,0.9483,161.75,0.1676,29.58,6.47,0.471,0.503,0.256,0.0287,0.0500
4675,-22.91537,-7.61483,-15.30054,-6.49321,-8.20433,-0.60300,0.9454,70.90,0.0735,30.09,6.41,0.471,0.503,0.256,0.0287,0.0500
4700,-22.88967,-7.60871,-15.28096,-6.48930,-8.19729,-0.59437,0.9449,71.10,0.0737,29.61,6.39,0.471,0.503,0.256,0.0287,0.0500
4725,-22.82834,-7.48588,-15.34245,-6.50166,-8.24542,-0.59538,0.9467,-18.61,-0.0193,29.69,6.36,0.471,0.503,0.256,0.0287,0.0500
4750,-22.88976,-7.53576,-15.35399,-6.52991,-8.23202,-0.59207,0.9508,-18.12,-0.0188,30.16,6.70,0.471,0.503,0.256,0.0287,0.0500
4775,-22.88291,-7.54172,-15.34119,-6.52586,-8.21457,-0.60077,0.9502,-18.12,-0.0188,29.77,6.66,0.471,0.503,0.256,0.0287,0.0500
4800,-23.04718,-7.69363,-15.35355,-6.54720,-8.22853,-0.57782,0.9533,-16.66,-0.0173,29.98,6.54,0.471,0.503,0.256,0.0287,0.0500
4825,-23.02160,-7.63940,-15.38221,-6.51153,-8.25552,-0.61515,0.9481,-18.27,-0.0189,29.99,6.64,0.470,0.503,0.256,0.0287,0.0500
4850,-22.88791,-7.59376,-15.29415,-6.48026,-8.22087,-0.59303,0.9435,-18.23,-0.0189,30.30,6.34,0.470,0.503,0.256,0.0287,0.0500
4875,-22.98575,-7.62330,-15.36245,-6.52814,-8.25024,-0.58406,0.9505,163.47,0.1694,30.18,6.67,0.470,0.503,0.256,0.0287,0.0500
4900,-23.00889,-7.65630,-15.35259,-6.50302,-8.26184,-0.58772,0.9469,-15.93,-0.0165,29.97,6.91,0.470,0.503,0.256,0.0287,0.0500
4925,-22.99365,-7.65583,-15.33782,-6.50682,-8.23128,-0.59972,0.9474,74.54,0.0773,29.96,6.67,0.470,0.502,0.256,0.0287,0.0500
4950,-22.92349,-7.57042,-15.35307,-6.50996,-8.24219,-0.60093,0.9479,-15.22,-0.0158,29.99,6.45,0.470,0.502,0.256,0.0287,0.0500
4975,-23.03961,-7.70178,-15.33783,-6.50834,-8.23019,-0.59930,0.9476,-105.06,-0.1089,30.18,6.06,0.470,0.502,0.256,0.0287,0.0500
5000,-22.96525,-7.65310,-15.31215,-6.49097,-8.22081,-0.60037,0.9451,-105.28,-0.1091,29.85,6.31,0.470,0.502,0.243,0.0273,0.0500
5025,-22.93887,-7.65907,-15.27980,-6.48752,-8.19604,-0.59625,0.9446,-104.95,-0.1087,29.86,6.25,0.470,0.502,0.243,0.0273,0.0500
5050,-23.01463,-7.66292,-15.35171,-6.51969,-8.24170,-0.59031,0.9493,-104.43,-0.1082,29.96,6.03,0.470,0.502,0.243,0.0273,0.0500
5075,-22.97582,-7.65590,-15.31993,-6.51237,-8.21698,-0.59057,0.9482,-13.28,-0.0138,29.94,6.10,0.470,0.502,0.243,0.0273,0.0500
5100,-23.05668,-7.70921,-15.34747,-6.53445,-8.24365,-0.56936,0.9514,-104.58,-0.1083,30.76,6.31,0.470,0.502,0.243,0.0273,0.0500
5125,-23.04968,-7.70093,-15.34875,-6.52438,-8.23337,-0.59100,0.9500,-12.73,-0.0132,29.84,6.50,0.470,0.503,0.243,0.0273,0.0500
5150,-23.08040,-7.75563,-15.32477,-6.52274,-8.21398,-0.58806,0.9497,-12.20,-0.0126,30.13,6.49,0.470,0.503,0.243,0.0273,0.0500
5175,-23.02433,-7.72672,-15.29762,-6.50781,-8.18944,-0.60037,0.9476,-12.78,-0.0132,30.30,6.28,0.470,0.503,0.243,0.0273,0.0500
5200,-22.99020,-7.59595,-15.39425,-6.53721,-8.27387,-0.58317,0.9518,-12.99,-0.0135,30.04,6.33,0.470,0.503,0.243,0.0273,0.0500
5225,-23.00510,-7.66375,-15.34134,-6.51816,-8.23768,-0.58550,0.9491,-13.93,-0.0144,30.27,6.11,0.470,0.503,0.243,0.0273,0.0500
5250,-22.97447,-7.61907,-15.35540,-6.51698,-8.24760,-0.59082,0.9489,-104.04,-0.1078,30.66,5.81,0.470,0.503,0.243,0.0273,0.0500
5275,-23.05387,-7.68095,-15.37292,-6.50816,-8.26084,-0.60393,0.9476,-15.06,-0.0156,30.98,5.90,0.470,0.503,0.243,0.0273,0.0500
5300,-22.96767,-7.61609,-15.35158,-6.50203,-8.24354,-0.60601,0.9467,-104.75,-0.1085,30.72,5.80,0.470,0.503,0.243,0.0273,0.0500
5325,-22.99816,-7.63891,-15.35925,-6.51365,-8.25033,-0.59528,0.9484,-104.94,-0.1087,30.58,5.82,0.470,0.503,0.243,0.0273,0.0500
5350,-23.02098,-7.68132,-15.33967,-6.52120,-8.21201,-0.60646,0.9495,-105.72,-0.1095,31.30,5.49,0.470,0.503,0.243,0.0273,0.0500
5375,-23.04563,-7.62823,-15.41740,-6.53811,-8.28838,-0.59092,0.9520,-195.61,-0.2027,30.88,5.55,0.470,0.503,0.243,0.0273,0.0500
5400,-22.96532,-7.62221,-15.34311,-6.51300,-8.22554,-0.60456,0.9483,-106.31,-0.1101,31.51,5.27,0.470,0.503,0.243,0.0273,0.0500
5425,-23.03729,-7.67782,-15.35947,-6.51798,-8.25673,-0.58476,0.9490,-107.08,-0.1110,31.28,5.29,0.470,0.503,0.243,0.0273,0.0500
5450,-22.95699,-7.60325,-15.35374,-6.50261,-8.26719,-0.58394,0.9468,-105.71,-0.1095,31.14,5.42,0.470,0.503,0.243,0.0273,0.0500
5475,-23.10483,-7.69152,-15.41331,-6.52741,-8.29551,-0.59039,0.9504,74.41,0.0771,31.14,5.48,0.470,0.503,0.243,0.0273,0.0500
5500,-22.99120,-7.69073,-15.30046,-6.51797,-8.19655,-0.58595,0.9490,-15.98,-0.0166,31.42,5.49,0.470,0.503,0.243,0.0273,0.0500
5525,-23.02396,-7.69073,-15.33323,-6.52379,-8.20994,-0.59950,0.9499,-15.84,-0.0164,31.15,5.62,0.470,0.503,0.243,0.0273,0.0500
5550,-22.98413,-7.66750,-15.31664,-6.50420,-8.21902,-0.59342,0.9470,-106.92,-0.1108,31.33,5.70,0.470,0.503,0.243,0.0273,0.0500
5575,-23.08999,-7.71170,-15.37829,-6.51535,-8.28259,-0.58035,0.9487,-106.71,-0.1106,31.25,5.57,0.470,0.503,0.243,0.0273,0.0500
5600,-23.04387,-7.72671,-15.31717,-6.48806,-8.23765,-0.59145,0.9447,-107.23,-0.1112,31.15,5.61,0.469,0.503,0.243,0.0273,0.0500
5625,-23.10493,-7.74701,-15.35792,-6.52246,-8.24435,-0.59112,0.9497,-17.00,-0.0176,31.18,5.47,0.469,0.503,0.243,0.0273,0.0500
5650,-23.08023,-7.70629,-15.37394,-6.52938,-8.25323,-0.59133,0.9507,-106.45,-0.1103,30.78,6.01,0.469,0.503,0.243,0.0273,0.0500
5675,-23.09263,-7.78594,-15.30669,-6.49644,-8.20843,-0.60182,0.9459,-196.65,-0.2039,30.65,6.00,0.469,0.503,0.243,0.0273,0.0500
5700,-23.06658,-7.69965,-15.36693,-6.49479,-8.26346,-0.60868,0.9457,-196.62,-0.2038,30.79,5.67,0.469,0.503,0.243,0.0273,0.0500
5725,-23.09761,-7.74228,-15.35534,-6.52923,-8.25138,-0.57473,0.9507,-196.83,-0.2040,30.87,5.94,0.469,0.503,0.243,0.0273,0.0500
5750,-23.16416,-7.81384,-15.35032,-6.51806,-8.24678,-0.58547,0.9490,-286.83,-0.2973,30.98,5.86,0.469,0.503,0.243,0.0273,0.0500
5775,-23.19892,-7.84010,-15.35881,-6.51085,-8.24897,-0.59899,0.9480,-196.86,-0.2040,30.99,5.95,0.469,0.503,0.243,0.0273,0.0500
5800,-23.12893,-7.80609,-15.32284,-6.51408,-8.21848,-0.59028,0.9485,-196.43,-0.2036,30.78,5.93,0.469,0.503,0.243,0.0273,0.0500
5825,-23.14833,-7.79853,-15.34981,-6.52639,-8.22019,-0.60323,0.9503,-196.04,-0.2032,30.57,6.33,0.469,0.503,0.243,0.0273,0.0500
5850,-23.07439,-7.78164,-15.29275,-6.51226,-8.17714,-0.60335,0.9482,-195.55,-0.2027,30.89,5.80,0.469,0.503,0.243,0.0273,0.0500
5875,-23.06838,-7.76223,-15.30616,-6.48276,-8.22143,-0.60196,0.9439,-195.72,-0.2029,30.77,5.90,0.469,0.503,0.243,0.0273,0.0500
5900,-23.12262,-7.78582,-15.33680,-6.51468,-8.23883,-0.58329,0.9486,-105.67,-0.1096,31.31,5.55,0.469,0.503,0.243,0.0273,0.0500
5925,-23.08219,-7.77401,-15.30818,-6.47618,-8.24025,-0.59175,0.9430,-14.41,-0.0149,31.11,5.98,0.469,0.503,0.243,0.0273,0.0500
5950,-23.14392,-7.80681,-15.33710,-6.51246,-8.21375,-0.61090,0.9482,-15.49,-0.0161,31.11,5.81,0.469,0.503,0.243,0.0273,0.0500
5975,-23.11166,-7.81714,-15.29452,-6.49092,-8.21926,-0.58434,0.9451,-106.06,-0.1100,31.01,5.66,0.469,0.503,0.243,0.0273,0.0500
6000,-23.13143,-7.79935,-15.33209,-6.49904,-8.22887,-0.60418,0.9463,-105.59,-0.1095,30.65,5.97,0.469,0.503,0.231,0.0259,0.0500
6025,-23.16101,-7.80187,-15.35914,-6.50735,-8.24513,-0.60667,0.9475,-196.16,-0.2034,31.11,5.37,0.469,0.503,0.231,0.0259,0.0500
6050,-23.10691,-7.75059,-15.35633,-6.52388,-8.22734,-0.60511,0.9499,-106.03,-0.1100,30.81,5.58,0.469,0.503,0.231,0.0259,0.0500
6075,-23.20959,-7.85704,-15.35254,-6.50433,-8.23944,-0.60878,0.9470,-13.70,-0.0142,30.61,6.12,0.469,0.503,0.231,0.0259,0.0500
6100,-23.20492,-7.82488,-15.38004,-6.54357,-8.24150,-0.59497,0.9528,-193.32,-0.2004,31.20,5.86,0.470,0.503,0.231,0.0259,0.0500
6125,-23.10876,-7.74673,-15.36203,-6.51466,-8.23747,-0.60990,0.9486,-193.16,-0.2003,30.93,5.72,0.470,0.503,0.231,0.0259,0.0500
6150,-23.09049,-7.77095,-15.31954,-6.48878,-8.23434,-0.59641,0.9448,-103.63,-0.1075,30.91,6.01,0.470,0.503,0.231,0.0259,0.0500
6175,-23.17428,-7.77559,-15.39869,-6.55058,-8.25627,-0.59184,0.9538,-103.95,-0.1078,31.17,5.88,0.470,0.503,0.231,0.0259,0.0500
6200,-23.12453,-7.78477,-15.33977,-6.53357,-8.20421,-0.60198,0.9513,-14.27,-0.0148,31.12,6.07,0.470,0.503,0.231,0.0259,0.0500
6225,-23.14540,-7.79685,-15.34854,-6.52068,-8.26896,-0.55890,0.9494,-106.47,-0.1104,31.25,5.87,0.470,0.503,0.231,0.0259,0.0500
6250,-23.11634,-7.75983,-15.35651,-6.52577,-8.23138,-0.59936,0.9502,-106.60,-0.1105,31.34,5.80,0.470,0.503,0.231,0.0259,0.0500
6275,-23.12392,-7.77238,-15.35155,-6.51521,-8.24476,-0.59157,0.9486,-196.49,-0.2037,31.03,5.99,0.470,0.503,0.231,0.0259,0.0500
6300,-23.12351,-7.81143,-15.31208,-6.49993,-8.18455,-0.62760,0.9464,-196.00,-0.2032,30.88,6.17,0.470,0.503,0.231,0.0259,0.0500
6325,-23.14090,-7.81373,-15.32718,-6.50583,-8.22221,-0.59914,0.9473,-105.48,-0.1093,31.38,5.61,0.470,0.503,0.231,0.0259,0.0500
6350,-23.18474,-7.85629,-15.32845,-6.51811,-8.21141,-0.59893,0.9491,-196.05,-0.2032,31.40,5.56,0.470,0.503,0.231,0.0259,0.0500
6375,-23.22986,-7.88728,-15.34258,-6.49956,-8.25389,-0.58913,0.9464,-15.89,-0.0165,30.69,5.79,0.470,0.503,0.231,0.0259,0.0500
6400,-23.26194,-7.89200,-15.36994,-6.50698,-8.25583,-0.60713,0.9474,-16.22,-0.0168,30.86,5.98,0.470,0.503,0.231,0.0259,0.0500
6425,-23.14210,-7.83588,-15.30622,-6.49266,-8.21330,-0.60026,0.9454,-105.54,-0.1094,30.80,5.90,0.470,0.503,0.231,0.0259,0.0500
6450,-23.22333,-7.83897,-15.38436,-6.51598,-8.25429,-0.61409,0.9487,-15.53,-0.0161,30.36,6.05,0.470,0.503,0.231,0.0259,0.0500
6475,-23.13397,-7.79993,-15.33404,-6.53252,-8.21571,-0.58580,0.9512,-15.32,-0.0159,31.13,6.08,0.470,0.503,0.231,0.0259,0.0500
6500,-23.21015,-7.88082,-15.32933,-6.50274,-8.21772,-0.60887,0.9468,-105.53,-0.1094,30.90,5.85,0.470,0.503,0.231,0.0259,0.0500
6525,-23.22365,-7.84153,-15.38212,-6.53272,-8.25768,-0.59172,0.9512,-106.32,-0.1102,30.87,6.49,0.470,0.503,0.231,0.0259,0.0500
6550,-23.03833,-7.73705,-15.30129,-6.51199,-8.19238,-0.59692,0.9482,-106.13,-0.1101,31.18,6.21,0.470,0.503,0.231,0.0259,0.0500
6575,-23.10974,-7.72633,-15.38341,-6.52386,-8.27820,-0.58135,0.9499,-106.07,-0.1100,30.93,6.20,0.470,0.503,0.231,0.0259,0.0500
6600,-23.10479,-7.78275,-15.32203,-6.52362,-8.20995,-0.58846,0.9499,-16.12,-0.0167,30.54,6.33,0.470,0.502,0.231,0.0259,0.0500
6625,-23.19101,-7.82570,-15.36531,-6.51483,-8.24472,-0.60576,0.9486,-106.15,-0.1101,31.21,5.83,0.470,0.502,0.231,0.0259,0.0500
6650,-23.10805,-7.78871,-15.31934,-6.52385,-8.20078,-0.59471,0.9499,-15.81,-0.0164,31.37,5.92,0.470,0.502,0.231,0.0259,0.0500
6675,-23.10870,-7.79286,-15.31584,-6.51093,-8.19793,-0.60698,0.9480,-15.90,-0.0165,31.50,5.97,0.470,0.502,0.231,0.0259,0.0500
6700,-23.16457,-7.84143,-15.32315,-6.51434,-8.22390,-0.58491,0.9485,-195.09,-0.2024,31.35,6.16,0.470,0.502,0.231,0.0259,0.0500
6725,-23.21822,-7.85373,-15.36449,-6.51757,-8.25377,-0.59315,0.9490,-14.45,-0.0150,31.37,5.87,0.470,0.502,0.231,0.0259,0.0500
6750,-23.26016,-7.85882,-15.40134,-6.54312,-8.28281,-0.57541,0.9527,75.27,0.0781,31.73,5.49,0.470,0.502,0.231,0.0259,0.0500
6775,-23.22353,-7.85092,-15.37261,-6.51221,-8.24277,-0.61763,0.9482,-14.89,-0.0154,31.13,5.86,0.471,0.502,0.231,0.0259,0.0500
6800,-23.25631,-7.85431,-15.40201,-6.54479,-8.28118,-0.57603,0.9529,-15.17,-0.0157,30.96,5.69,0.471,0.502,0.231,0.0259,0.0500
6825,-23.19185,-7.89660,-15.29526,-6.51292,-8.18791,-0.59443,0.9483,-14.69,-0.0152,31.09,6.04,0.471,0.502,0.231,0.0259,0.0500
6850,-23.14211,-7.86626,-15.27585,-6.48773,-8.18805,-0.60008,0.9446,75.14,0.0779,30.84,6.34,0.471,0.502,0.231,0.0259,0.0500
6875,-23.13760,-7.85566,-15.28194,-6.49109,-8.18626,-0.60460,0.9451,75.22,0.0780,31.23,5.78,0.471,0.502,0.231,0.0259,0.0500
6900,-23.18265,-7.79707,-15.38557,-6.53166,-8.26333,-0.59058,0.9510,74.92,0.0777,31.07,6.17,0.471,0.502,0.231,0.0259,0.0500
6925,-23.14224,-7.78870,-15.35354,-6.53456,-8.22721,-0.59177,0.9515,164.68,0.1708,31.07,6.00,0.471,0.502,0.231,0.0259,0.0500
6950,-23.14739,-7.77253,-15.37486,-6.53621,-8.26839,-0.57025,0.9517,74.75,0.0775,31.18,5.93,0.471,0.502,0.231,0.0259,0.0500
6975,-23.02573,-7.75707,-15.26866,-6.49894,-8.18360,-0.58612,0.9463,-15.14,-0.0157,31.85,5.49,0.471,0.502,0.231,0.0259,0.0500
7000,-23.06999,-7.74259,-15.32740,-6.51510,-8.22624,-0.58606,0.9486,-14.87,-0.0154,31.37,6.09,0.471,0.502,0.219,0.0246,0.0500
7025,-23.13163,-7.75778,-15.37385,-6.53843,-8.24261,-0.59281,0.9520,-14.60,-0.0151,31.39,6.12,0.471,0.502,0.219,0.0246,0.0500
7050,-23.13309,-7.80165,-15.33144,-6.52531,-8.21771,-0.58841,0.9501,-14.84,-0.0154,31.00,6.12,0.471,0.502,0.219,0.0246,0.0500
7075,-23.18066,-7.85285,-15.32781,-6.52594,-8.21019,-0.59169,0.9502,164.58,0.1706,31.01,6.32,0.471,0.502,0.219,0.0246,0.0500
7100,-23.09906,-7.79161,-15.30744,-6.50695,-8.21680,-0.58369,0.9474,164.64,0.1707,30.83,6.21,0.471,0.502,0.219,0.0246,0.0500
7125,-23.10156,-7.78119,-15.32037,-6.50154,-8.23057,-0.58826,0.9466,-14.93,-0.0155,31.24,6.52,0.471,0.502,0.219,0.0246,0.0500
7150,-23.09185,-7.80232,-15.28953,-6.49030,-8.19026,-0.60897,0.9450,74.53,0.0773,30.99,6.78,0.472,0.502,0.219,0.0246,0.0500
7175,-23.12900,-7.81944,-15.30955,-6.52418,-8.21992,-0.56545,0.9499,-15.11,-0.0157,31.28,6.72,0.472,0.502,0.219,0.0246,0.0500
7200,-23.13942,-7.82181,-15.31761,-6.49918,-8.22040,-0.59804,0.9463,165.05,0.1712,31.25,6.08,0.472,0.502,0.219,0.0246,0.0500
7225,-23.20606,-7.87348,-15.33258,-6.51823,-8.20468,-0.60967,0.9491,75.30,0.0781,31.19,6.53,0.472,0.502,0.219,0.0246,0.0500
7250,-23.16635,-7.84444,-15.32191,-6.50873,-8.24114,-0.57205,0.9477,-14.93,-0.0155,31.12,5.89,0.472,0.502,0.219,0.0246,0.0500
7275,-23.24585,-7.85822,-15.38763,-6.53813,-8.25765,-0.59185,0.9520,75.04,0.0778,31.28,6.17,0.472,0.502,0.219,0.0246,0.0500
7300,-23.22724,-7.85202,-15.37522,-6.52377,-8.26142,-0.59003,0.9499,74.68,0.0774,30.89,6.27,0.472,0.502,0.219,0.0246,0.0500
7325,-23.27992,-7.89093,-15.38899,-6.54214,-8.25374,-0.59311,0.9526,74.61,0.0774,31.34,6.18,0.472,0.502,0.219,0.0246,0.0500
7350,-23.23225,-7.88182,-15.35043,-6.51429,-8.24576,-0.59037,0.9485,73.01,0.0757,30.79,6.08,0.472,0.502,0.219,0.0246,0.0500
7375,-23.23711,-7.87987,-15.35724,-6.52205,-8.25191,-0.58328,0.9496,72.05,0.0747,31.15,5.81,0.472,0.502,0.219,0.0246,0.0500
7400,-23.25382,-7.86852,-15.38529,-6.53278,-8.25394,-0.59857,0.9512,73.15,0.0758,31.20,5.66,0.472,0.502,0.219,0.0246,0.0500
7425,-23.22499,-7.82829,-15.39670,-6.52715,-8.27709,-0.59246,0.9504,-18.29,-0.0190,31.52,5.77,0.472,0.502,0.219,0.0246,0.0500
7450,-23.24670,-7.85925,-15.38744,-6.53453,-8.26686,-0.58605,0.9514,72.58,0.0752,31.34,5.78,0.472,0.502,0.219,0.0246,0.0500
7475,-23.09937,-7.82016,-15.27921,-6.50909,-8.17478,-0.59533,0.9477,-17.30,-0.0179,30.92,5.78,0.472,0.502,0.219,0.0246,0.0500
7500,-23.19470,-7.86074,-15.33396,-6.49975,-8.23176,-0.60246,0.9464,-16.06,-0.0167,31.02,5.90,0.472,0.502,0.219,0.0246,0.0500
7525,-23.25655,-7.91561,-15.34095,-6.54063,-8.19808,-0.60225,0.9523,74.34,0.0771,30.75,6.02,0.472,0.502,0.219,0.0246,0.0500
7550,-23.25577,-7.90940,-15.34636,-6.52206,-8.22230,-0.60201,0.9496,-16.25,-0.0168,31.38,5.86,0.472,0.502,0.219,0.0246,0.0500
7575,-23.20003,-7.87417,-15.32586,-6.50386,-8.21200,-0.60999,0.9470,-196.76,-0.2039,31.17,5.82,0.473,0.503,0.219,0.0246,0.0500
7600,-23.23617,-7.88062,-15.35555,-6.51675,-8.23384,-0.60496,0.9489,-106.08,-0.1099,31.21,5.59,0.473,0.503,0.219,0.0246,0.0500
7625,-23.27211,-7.89880,-15.37332,-6.53690,-8.24863,-0.58779,0.9518,-16.35,-0.0169,31.13,5.41,0.473,0.503,0.219,0.0246,0.0500
7650,-23.28541,-7.93043,-15.35498,-6.50213,-8.25155,-0.60130,0.9467,164.95,0.1710,31.62,5.11,0.473,0.503,0.219,0.0246,0.0500
7675,-23.21425,-7.88619,-15.32806,-6.51850,-8.20348,-0.60608,0.9491,164.59,0.1706,31.66,5.36,0.473,0.503,0.219,0.0246,0.0500
7700,-23.23801,-7.88771,-15.35030,-6.51448,-8.24004,-0.59578,0.9485,75.43,0.0782,31.27,5.26,0.473,0.503,0.219,0.0246,0.0500
7725,-23.19898,-7.84953,-15.34944,-6.50548,-8.25542,-0.58855,0.9472,75.93,0.0787,31.06,5.47,0.473,0.503,0.219,0.0246,0.0500
7750,-23.23245,-7.90701,-15.32543,-6.50720,-8.21147,-0.60676,0.9475,75.46,0.0782,30.97,5.78,0.473,0.503,0.219,0.0246,0.0500
7775,-23.29505,-7.92340,-15.37165,-6.52071,-8.26229,-0.58866,0.9494,75.38,0.0782,31.05,5.56,0.473,0.503,0.219,0.0246,0.0500
7800,-23.31820,-7.92144,-15.39675,-6.51322,-8.28503,-0.59850,0.9483,-15.02,-0.0156,30.53,6.13,0.473,0.503,0.219,0.0246,0.0500
7825,-23.26330,-7.91309,-15.35021,-6.52588,-8.24157,-0.58276,0.9502,-17.21,-0.0178,30.57,6.11,0.473,0.503,0.219,0.0246,0.0500
7850,-23.24689,-7.84103,-15.40586,-6.51240,-8.28917,-0.60429,0.9482,-17.26,-0.0179,30.73,5.92,0.473,0.503,0.219,0.0246,0.0500
7875,-23.29506,-7.92895,-15.36611,-6.52279,-8.24475,-0.59857,0.9497,74.82,0.0776,30.65,5.33,0.473,0.503,0.219,0.0246,0.0500
7900,-23.28025,-7.94980,-15.33045,-6.50562,-8.21428,-0.61055,0.9472,74.97,0.0777,30.96,5.22,0.473,0.503,0.219,0.0246,0.0500
7925,-23.29538,-7.93495,-15.36043,-6.52103,-8.27124,-0.56816,0.9495,76.48,0.0793,31.04,5.48,0.473,0.503,0.219,0.0246,0.0500
7950,-23.32918,-7.93920,-15.38997,-6.53519,-8.26582,-0.58897,0.9515,77.13,0.0799,31.33,5.85,0.473,0.503,0.219,0.0246,0.0500
7975,-23.28062,-7.92906,-15.35156,-6.53852,-8.23062,-0.58242,0.9520,77.57,0.0804,31.29,5.98,0.473,0.503,0.219,0.0246,0.0500
8000,-23.31968,-7.97321,-15.34648,-6.51434,-8.23120,-0.60094,0.9485,75.90,0.0787,31.48,5.72,0.473,0.503,0.208,0.0234,0.0500
8025,-23.33266,-7.98642,-15.34624,-6.51056,-8.22675,-0.60893,0.9480,76.22,0.0790,30.94,5.83,0.474,0.503,0.208,0.0234,0.0500
8050,-23.27471,-7.95587,-15.31884,-6.48602,-8.22562,-0.60721,0.9444,-13.73,-0.0142,31.56,6.14,0.474,0.503,0.208,0.0234,0.0500
8075,-23.26658,-7.94808,-15.31850,-6.52510,-8.20172,-0.59168,0.9501,-12.81,-0.0133,31.61,6.07,0.474,0.503,0.208,0.0234,0.0500
8100,-23.27145,-7.93564,-15.33581,-6.51183,-8.20725,-0.61673,0.9481,-12.64,-0.0131,31.01,6.13,0.474,0.503,0.208,0.0234,0.0500
8125,-23.25373,-7.87742,-15.37632,-6.53825,-8.23969,-0.59838,0.9520,-102.49,-0.1063,30.95,6.59,0.474,0.503,0.208,0.0234,0.0500
8150,-23.29498,-7.89279,-15.40219,-6.52583,-8.26670,-0.60966,0.9502,77.58,0.0804,31.17,6.72,0.474,0.503,0.208,0.0234,0.0500
8175,-23.26903,-7.93454,-15.33449,-6.51698,-8.22991,-0.58760,0.9489,-12.66,-0.0131,31.22,6.53,0.474,0.503,0.208,0.0234,0.0500
8200,-23.15657,-7.83536,-15.32121,-6.49230,-8.21662,-0.61229,0.9453,77.61,0.0805,31.34,6.63,0.474,0.503,0.208,0.0234,0.0500
8225,-23.38844,-7.99482,-15.39362,-6.53116,-8.27095,-0.59151,0.9510,-13.92,-0.0144,31.14,6.60,0.474,0.503,0.208,0.0234,0.0500
8250,-23.33326,-7.99079,-15.34247,-6.48821,-8.23566,-0.61861,0.9447,-12.42,-0.0129,30.73,6.98,0.474,0.503,0.208,0.0234,0.0500
8275,-23.37351,-7.96846,-15.40506,-6.53995,-8.28495,-0.58016,0.9522,77.35,0.0802,30.65,7.02,0.474,0.503,0.208,0.0234,0.0500
8300,-23.23362,-7.89489,-15.33873,-6.50610,-8.21595,-0.61668,0.9473,-13.58,-0.0141,30.31,6.74,0.474,0.503,0.208,0.0234,0.0500
8325,-23.33428,-7.99223,-15.34204,-6.50823,-8.22478,-0.60903,0.9476,-12.23,-0.0127,30.50,7.04,0.474,0.503,0.208,0.0234,0.0500
8350,-23.28594,-7.94946,-15.33648,-6.50299,-8.25147,-0.58202,0.9469,-146.16,-0.1511,30.77,6.75,0.475,0.502,0.208,0.0234,0.0500
8375,-23.22972,-7.89736,-15.33236,-6.52614,-8.20041,-0.60581,0.9502,-12.04,-0.0125,30.17,6.95,0.475,0.502,0.208,0.0234,0.0500
8400,-23.33227,-7.96407,-15.36820,-6.51431,-8.25707,-0.59682,0.9485,-13.86,-0.0144,30.37,6.91,0.475,0.502,0.208,0.0234,0.0500
8425,-23.27493,-7.94339,-15.33153,-6.51956,-8.22173,-0.59025,0.9493,-13.47,-0.0140,30.69,6.32,0.475,0.502,0.208,0.0234,0.0500
8450,-23.34080,-7.96473,-15.37606,-6.49740,-8.26721,-0.61145,0.9460,74.78,0.0775,30.81,6.18,0.475,0.502,0.208,0.0234,0.0500
8475,-23.29998,-7.94157,-15.35841,-6.50302,-8.25065,-0.60474,0.9469,73.09,0.0757,30.59,6.27,0.475,0.502,0.208,0.0234,0.0500
8500,-23.28595,-7.90723,-15.37872,-6.50969,-8.24795,-0.62108,0.9478,72.51,0.0752,30.81,6.27,0.475,0.502,0.208,0.0234,0.0500
8525,-23.30721,-7.94268,-15.36452,-6.51572,-8.27035,-0.57846,0.9487,-108.74,-0.1127,30.97,6.09,0.475,0.502,0.208,0.0234,0.0500
8550,-23.28242,-7.90537,-15.37705,-6.50660,-8.23013,-0.64032,0.9474,72.50,0.0751,31.40,5.97,0.475,0.502,0.208,0.0234,0.0500
8575,-23.29489,-7.91776,-15.37714,-6.52027,-8.24775,-0.60912,0.9494,72.89,0.0756,31.18,5.91,0.475,0.502,0.208,0.0234,0.0500
8600,-23.36640,-7.96238,-15.40402,-6.54643,-8.24823,-0.60936,0.9532,72.84,0.0755,31.12,6.12,0.475,0.502,0.208,0.0234,0.0500
8625,-23.36983,-7.95425,-15.41558,-6.53936,-8.26175,-0.61448,0.9521,73.45,0.0761,31.43,6.00,0.475,0.502,0.208,0.0234,0.0500
8650,-23.39107,-7.98527,-15.40580,-6.51346,-8.27027,-0.62206,0.9484,77.07,0.0799,30.84,6.33,0.475,0.502,0.208,0.0234,0.0500
8675,-23.28503,-7.92803,-15.35701,-6.50555,-8.23899,-0.61247,0.9472,75.41,0.0782,30.69,6.52,0.476,0.502,0.208,0.0234,0.0500
8700,-23.28600,-7.90265,-15.38335,-6.50918,-8.26642,-0.60775,0.9478,76.59,0.0794,30.44,6.31,0.476,0.502,0.208,0.0234,0.0500
8725,-23.35152,-7.96272,-15.38880,-6.50845,-8.26031,-0.62004,0.9477,75.19,0.0779,30.67,6.49,0.476,0.502,0.208,0.0234,0.0500
8750,-23.33240,-7.95320,-15.37920,-6.52110,-8.24523,-0.61288,0.9495,167.47,0.1736,30.56,6.43,0.476,0.502,0.208,0.0234,0.0500
8775,-23.37116,-7.93947,-15.43169,-6.54621,-8.28349,-0.60199,0.9531,-12.43,-0.0129,30.73,6.29,0.476,0.502,0.208,0.0234,0.0500
8800,-23.30835,-7.92532,-15.38303,-6.50722,-8.25316,-0.62265,0.9475,-12.58,-0.0130,30.71,6.36,0.476,0.502,0.208,0.0234,0.0500
8825,-23.37562,-7.98547,-15.39015,-6.50297,-8.27623,-0.61095,0.9469,77.33,0.0802,31.04,6.07,0.476,0.502,0.208,0.0234,0.0500
8850,-23.33415,-7.94404,-15.39011,-6.49365,-8.28113,-0.61533,0.9455,-12.90,-0.0134,30.95,6.01,0.476,0.502,0.208,0.0234,0.0500
8875,-23.42100,-8.02061,-15.40039,-6.52227,-8.26435,-0.61376,0.9497,-13.04,-0.0135,30.97,6.10,0.476,0.502,0.208,0.0234,0.0500
8900,-23.39863,-7.99074,-15.40789,-6.51743,-8.29315,-0.59730,0.9490,75.79,0.0786,30.52,6.12,0.476,0.502,0.208,0.0234,0.0500
8925,-23.40423,-8.01055,-15.39368,-6.48356,-8.29216,-0.61796,0.9440,-13.66,-0.0142,30.50,6.12,0.476,0.502,0.208,0.0234,0.0500
8950,-23.38273,-8.03417,-15.34857,-6.51659,-8.24438,-0.58760,0.9488,-103.18,-0.1070,30.65,6.02,0.476,0.502,0.208,0.0234,0.0500
8975,-23.44279,-8.04254,-15.40026,-6.50992,-8.27174,-0.61860,0.9479,-12.73,-0.0132,30.90,6.24,0.476,0.502,0.208,0.0234,0.0500
9000,-23.46318,-8.07216,-15.39102,-6.50456,-8.27250,-0.61396,0.9471,74.84,0.0776,30.61,6.33,0.476,0.502,0.198,0.0222,0.0500
9025,-23.41961,-7.99549,-15.42412,-6.52778,-8.29066,-0.60568,0.9505,77.76,0.0806,30.60,6.18,0.476,0.502,0.198,0.0222,0.0500
9050,-23.39614,-7.96536,-15.43078,-6.53670,-8.29407,-0.60001,0.9518,-104.56,-0.1083,30.52,6.15,0.477,0.502,0.198,0.0222,0.0500
9075,-23.40432,-7.96700,-15.43733,-6.52424,-8.29478,-0.61830,0.9499,-101.92,-0.1057,31.03,6.05,0.477,0.502,0.198,0.0222,0.0500
9100,-23.42899,-8.02325,-15.40575,-6.50550,-8.29422,-0.60602,0.9472,-103.85,-0.1077,31.42,6.34,0.477,0.502,0.198,0.0222,0.0500
9125,-23.41963,-8.02446,-15.39517,-6.51184,-8.26827,-0.61505,0.9481,-14.31,-0.0148,31.10,6.52,0.477,0.502,0.198,0.0222,0.0500
9150,-23.46755,-8.07587,-15.39168,-6.49686,-8.27887,-0.61595,0.9460,-14.07,-0.0146,31.14,6.47,0.477,0.502,0.198,0.0222,0.0500
9175,-23.44209,-8.05173,-15.39035,-6.51679,-8.25959,-0.61396,0.9489,-13.99,-0.0145,31.38,6.21,0.477,0.502,0.198,0.0222,0.0500
9200,-23.36332,-7.97096,-15.39236,-6.50478,-8.28960,-0.59798,0.9471,-12.92,-0.0134,31.19,6.45,0.477,0.502,0.198,0.0222,0.0500
9225,-23.42415,-8.01608,-15.40807,-6.52072,-8.27457,-0.61278,0.9494,-14.12,-0.0146,31.11,5.96,0.477,0.502,0.198,0.0222,0.0500
9250,-23.40200,-7.99485,-15.40716,-6.52244,-8.27752,-0.60720,0.9497,-13.66,-0.0142,31.11,6.04,0.477,0.502,0.198,0.0222,0.0500
9275,-23.44835,-8.03861,-15.40974,-6.50916,-8.28679,-0.61379,0.9478,-12.81,-0.0133,31.39,5.92,0.477,0.502,0.198,0.0222,0.0500
9300,-23.43856,-8.03929,-15.39927,-6.51385,-8.28591,-0.59950,0.9484,167.37,0.1735,31.15,6.31,0.477,0.502,0.198,0.0222,0.0500
9325,-23.41031,-8.03654,-15.37377,-6.50559,-8.25369,-0.61449,0.9472,78.02,0.0809,31.04,6.12,0.478,0.502,0.198,0.0222,0.0500
9350,-23.47301,-8.06290,-15.41011,-6.52471,-8.26845,-0.61696,0.9500,167.59,0.1737,31.12,6.28,0.478,0.502,0.198,0.0222,0.0500
9375,-23.52273,-8.16482,-15.35791,-6.48387,-8.24492,-0.62912,0.9441,77.30,0.0801,30.81,6.31,0.478,0.502,0.198,0.0222,0.0500
9400,-23.53941,-8.13964,-15.39977,-6.50981,-8.29818,-0.59179,0.9478,77.33,0.0802,31.15,6.29,0.478,0.502,0.198,0.0222,0.0500
9425,-23.44758,-8.07800,-15.36958,-6.51897,-8.23648,-0.61413,0.9492,-11.64,-0.0121,31.17,6.68,0.478,0.502,0.198,0.0222,0.0500
9450,-23.48964,-8.09619,-15.39345,-6.52491,-8.25436,-0.61418,0.9500,78.18,0.0811,31.53,6.29,0.478,0.502,0.198,0.0222,0.0500
9475,-23.53939,-8.06815,-15.47124,-6.54768,-8.31651,-0.60706,0.9534,-11.42,-0.0118,31.43,6.37,0.478,0.502,0.198,0.0222,0.0500
9500,-23.53790,-8.14264,-15.39526,-6.52146,-8.28047,-0.59332,0.9495,-11.27,-0.0117,31.37,6.24,0.478,0.502,0.198,0.0222,0.0500
9525,-23.55466,-8.14089,-15.41377,-6.52780,-8.29945,-0.58652,0.9505,-20.86,-0.0215,30.89,6.86,0.478,0.502,0.198,0.0222,0.0500
9550,-23.51101,-8.14711,-15.36389,-6.49838,-8.23933,-0.62618,0.9462,-11.64,-0.0121,31.40,6.46,0.478,0.502,0.198,0.0222,0.0500
9575,-23.49869,-8.17164,-15.32705,-6.48743,-8.22459,-0.61503,0.9446,-20.34,-0.0210,31.26,6.55,0.478,0.502,0.198,0.0222,0.0500
9600,-23.49547,-8.11050,-15.38497,-6.53078,-8.24762,-0.60657,0.9509,-13.65,-0.0142,31.69,6.25,0.478,0.502,0.198,0.0222,0.0500
9625,-23.48220,-8.10713,-15.37508,-6.51929,-8.27229,-0.58350,0.9492,-13.76,-0.0143,31.63,6.11,0.478,0.502,0.198,0.0222,0.0500
9650,-23.50565,-8.10024,-15.40541,-6.49948,-8.29043,-0.61550,0.9463,-13.56,-0.0141,30.98,6.33,0.478,0.502,0.198,0.0222,0.0500
9675,-23.50504,-8.09212,-15.41292,-6.52413,-8.28088,-0.60791,0.9499,-13.94,-0.0144,31.15,6.11,0.478,0.502,0.198,0.0222,0.0500
9700,-23.39904,-8.07260,-15.32644,-6.48028,-8.21443,-0.63174,0.9435,-13.04,-0.0135,31.19,6.53,0.479,0.502,0.198,0.0222,0.0500
9725,-23.46914,-8.08790,-15.38124,-6.50609,-8.25665,-0.61850,0.9473,-13.25,-0.0137,31.00,6.03,0.479,0.502,0.198,0.0222,0.0500
9750,-23.42353,-8.05049,-15.37304,-6.51351,-8.23196,-0.62757,0.9484,-13.13,-0.0136,31.30,6.01,0.479,0.502,0.198,0.0222,0.0500
9775,-23.44364,-8.07566,-15.36798,-6.51859,-8.24011,-0.60928,0.9491,-13.60,-0.0141,31.26,5.93,0.479,0.502,0.198,0.0222,0.0500
9800,-23.56714,-8.15907,-15.40806,-6.52234,-8.27557,-0.61015,0.9497,-12.15,-0.0126,31.25,6.20,0.479,0.502,0.198,0.0222,0.0500
9825,-23.51948,-8.13566,-15.38383,-6.51222,-8.25391,-0.61770,0.9482,-13.18,-0.0137,31.16,5.97,0.479,0.502,0.198,0.0222,0.0500
9850,-23.51961,-8.14211,-15.37750,-6.49920,-8.27734,-0.60096,0.9463,-12.71,-0.0132,31.27,5.70,0.479,0.502,0.198,0.0222,0.0500
9875,-23.52774,-8.14584,-15.38191,-6.48222,-8.28285,-0.61684,0.9438,-13.05,-0.0135,31.23,5.72,0.479,0.502,0.198,0.0222,0.0500
9900,-23.56886,-8.17327,-15.39560,-6.51995,-8.27050,-0.60514,0.9493,-19.71,-0.0204,31.06,6.34,0.479,0.502,0.198,0.0222,0.0500
9925,-23.45345,-8.06898,-15.38447,-6.50649,-8.24880,-0.62918,0.9474,69.42,0.0717,31.12,6.44,0.479,0.502,0.198,0.0222,0.0500
9950,-23.47285,-8.06965,-15.40320,-6.51213,-8.27414,-0.61693,0.9482,-20.70,-0.0214,31.22,6.68,0.479,0.502,0.198,0.0222,0.0500
9975,-23.47609,-8.09152,-15.38457,-6.52134,-8.25839,-0.60484,0.9495,-21.61,-0.0223,31.16,6.62,0.479,0.502,0.198,0.0222,0.0500
10000,-23.49916,-8.07423,-15.42492,-6.53623,-8.28720,-0.60149,0.9517,67.61,0.0698,31.01,6.80,0.479,0.502,0.208,0.0233,0.0500
10025,-23.48047,-8.08174,-15.39873,-6.50981,-8.27078,-0.61815,0.9478,67.75,0.0699,30.88,6.77,0.479,0.502,0.208,0.0233,0.0500
10050,-23.48837,-8.11972,-15.36865,-6.47661,-8.28694,-0.60510,0.9430,67.86,0.0701,30.41,6.84,0.479,0.502,0.208,0.0233,0.0500
10075,-23.40941,-8.00557,-15.40384,-6.50834,-8.29049,-0.60500,0.9476,-22.49,-0.0232,30.77,6.78,0.479,0.502,0.208,0.0233,0.0500
10100,-23.47204,-8.02996,-15.44208,-6.51342,-8.31375,-0.61491,0.9484,-22.71,-0.0235,31.40,6.44,0.480,0.502,0.208,0.0233,0.0500
10125,-23.32753,-7.97194,-15.35560,-6.48167,-8.24908,-0.62485,0.9438,68.85,0.0711,30.70,6.81,0.480,0.502,0.208,0.0233,0.0500
10150,-23.46830,-8.01003,-15.45827,-6.51319,-8.32756,-0.61752,0.9483,-21.36,-0.0220,30.53,6.80,0.480,0.502,0.208,0.0233,0.0500
10175,-23.39711,-8.02962,-15.36749,-6.51268,-8.24878,-0.60603,0.9483,-23.67,-0.0244,30.76,6.84,0.480,0.502,0.208,0.0233,0.0500
10200,-23.45734,-8.07158,-15.38576,-6.50164,-8.27247,-0.61164,0.9467,161.20,0.1664,30.58,6.98,0.480,0.502,0.208,0.0233,0.0500
10225,-23.47395,-8.06185,-15.41211,-6.52544,-8.27399,-0.61268,0.9501,-22.17,-0.0229,30.76,6.91,0.480,0.502,0.208,0.0233,0.0500
10250,-23.45606,-8.07295,-15.38311,-6.51248,-8.27372,-0.59691,0.9482,-20.98,-0.0217,30.95,6.95,0.480,0.502,0.208,0.0233,0.0500
10275,-23.51685,-8.08678,-15.43007,-6.50380,-8.30516,-0.62111,0.9470,-20.85,-0.0215,30.98,6.77,0.480,0.502,0.208,0.0233,0.0500
10300,-23.38071,-7.97858,-15.40213,-6.50427,-8.26679,-0.63106,0.9470,70.11,0.0724,31.08,6.77,0.480,0.502,0.208,0.0233,0.0500
10325,-23.44651,-8.00043,-15.44608,-6.51900,-8.31743,-0.60965,0.9492,-19.24,-0.0199,31.29,6.32,0.480,0.502,0.208,0.0233,0.0500
10350,-23.38947,-8.02482,-15.36465,-6.49564,-8.24800,-0.62102,0.9458,-21.81,-0.0225,31.18,6.46,0.480,0.502,0.208,0.0233,0.0500
10375,-23.51796,-8.06718,-15.45078,-6.52050,-8.33544,-0.59484,0.9494,-21.36,-0.0221,30.76,6.83,0.480,0.502,0.208,0.0233,0.0500
10400,-23.44361,-8.05516,-15.38845,-6.51231,-8.25937,-0.61677,0.9482,-21.48,-0.0222,30.43,6.62,0.480,0.502,0.208,0.0233,0.0500
10425,-23.47350,-8.04562,-15.42789,-6.53570,-8.28098,-0.61121,0.9516,-111.12,-0.1148,30.74,7.09,0.480,0.502,0.208,0.0233,0.0500
10450,-23.48009,-8.08562,-15.39446,-6.50820,-8.26699,-0.61927,0.9476,-19.88,-0.0205,30.57,7.04,0.480,0.502,0.208,0.0233,0.0500
10475,-23.57181,-8.15374,-15.41806,-6.51206,-8.30727,-0.59873,0.9482,-113.02,-0.1167,30.39,7.28,0.480,0.502,0.208,0.0233,0.0500
10500,-23.51995,-8.09504,-15.42491,-6.50870,-8.27248,-0.64373,0.9477,-111.64,-0.1153,29.87,7.51,0.480,0.502,0.208,0.0233,0.0500
10525,-23.58273,-8.13050,-15.45222,-6.52920,-8.31913,-0.60390,0.9507,-110.78,-0.1144,30.32,7.18,0.480,0.502,0.208,0.0233,0.0500
10550,-23.48509,-8.05801,-15.42708,-6.51576,-8.30525,-0.60607,0.9487,-110.92,-0.1146,30.45,7.14,0.481,0.502,0.208,0.0233,0.0500
10575,-23.58732,-8.13072,-15.45661,-6.51867,-8.33290,-0.60504,0.9491,-111.78,-0.1154,30.34,6.84,0.481,0.502,0.208,0.0233,0.0500
10600,-23.53029,-8.11766,-15.41263,-6.49678,-8.29286,-0.62300,0.9460,-111.81,-0.1155,29.88,7.27,0.481,0.502,0.208,0.0233,0.0500
10625,-23.59737,-8.21031,-15.38706,-6.49063,-8.26556,-0.63087,0.9451,-111.05,-0.1147,30.28,7.11,0.481,0.502,0.208,0.0233,0.0500
10650,-23.56445,-8.15759,-15.40686,-6.49467,-8.30845,-0.60374,0.9456,-111.46,-0.1151,30.80,6.69,0.481,0.502,0.208,0.0233,0.0500
10675,-23.58580,-8.17363,-15.41217,-6.51282,-8.28714,-0.61221,0.9483,68.72,0.0709,31.32,6.61,0.481,0.502,0.208,0.0233,0.0500
10700,-23.64266,-8.25130,-15.39136,-6.49195,-8.28585,-0.61356,0.9452,-19.40,-0.0200,30.92,6.87,0.481,0.502,0.208,0.0233,0.0500
10725,-23.70193,-8.26027,-15.44166,-6.52021,-8.31367,-0.60778,0.9494,-22.16,-0.0229,30.59,6.66,0.481,0.502,0.208,0.0233,0.0500
10750,-23.64576,-8.22870,-15.41706,-6.51151,-8.28082,-0.62473,0.9481,-24.63,-0.0254,30.71,6.59,0.481,0.502,0.208,0.0233,0.0500
10775,-23.75215,-8.30370,-15.44845,-6.52087,-8.31410,-0.61348,0.9495,64.70,0.0668,30.89,6.92,0.481,0.502,0.208,0.0233,0.0500
10800,-23.65080,-8.24747,-15.40333,-6.48440,-8.30521,-0.61372,0.9441,-23.36,-0.0241,30.80,6.68,0.481,0.502,0.208,0.0233,0.0500
10825,-23.66900,-8.22678,-15.44222,-6.51590,-8.32022,-0.60610,0.9487,-23.08,-0.0238,31.35,6.26,0.481,0.502,0.208,0.0233,0.0500
10850,-23.63206,-8.19548,-15.43658,-6.50618,-8.31409,-0.61630,0.9473,-20.86,-0.0215,31.32,6.56,0.481,0.502,0.208,0.0233,0.0500
10875,-23.61973,-8.21133,-15.40840,-6.49193,-8.30526,-0.61120,0.9452,-115.02,-0.1187,31.09,6.68,0.481,0.502,0.208,0.0233,0.0500
10900,-23.62051,-8.20319,-15.41732,-6.49436,-8.30205,-0.62091,0.9456,-23.52,-0.0243,30.85,6.66,0.481,0.502,0.208,0.0233,0.0500
10925,-23.69315,-8.23405,-15.45910,-6.49854,-8.33801,-0.62256,0.9462,-22.85,-0.0236,30.86,6.90,0.481,0.502,0.208,0.0233,0.0500
10950,-23.64524,-8.21989,-15.42535,-6.51239,-8.29028,-0.62268,0.9482,-23.86,-0.0246,30.95,6.87,0.481,0.502,0.208,0.0233,0.0500
10975,-23.62224,-8.15747,-15.46477,-6.50692,-8.35468,-0.60317,0.9474,-24.80,-0.0256,30.78,6.72,0.481,0.502,0.208,0.0233,0.0500
11000,-23.61352,-8.19125,-15.42227,-6.50730,-8.31491,-0.60005,0.9475,-21.21,-0.0219,30.78,6.87,0.481,0.502,0.197,0.0221,0.0500
11025,-23.60804,-8.18154,-15.42650,-6.51824,-8.30120,-0.60707,0.9491,-20.87,-0.0215,31.01,6.72,0.481,0.502,0.197,0.0221,0.0500
11050,-23.67119,-8.21898,-15.45222,-6.53692,-8.31309,-0.60221,0.9518,-112.25,-0.1158,30.96,7.13,0.481,0.502,0.197,0.0221,0.0500
11075,-23.60159,-8.16833,-15.43326,-6.50339,-8.33124,-0.59863,0.9469,-113.78,-0.1174,30.83,6.62,0.481,0.502,0.197,0.0221,0.0500
11100,-23.61980,-8.19959,-15.42021,-6.51745,-8.29625,-0.60651,0.9490,-204.77,-0.2113,30.58,7.14,0.481,0.502,0.197,0.0221,0.0500
11125,-23.64531,-8.20312,-15.44219,-6.51079,-8.31976,-0.61163,0.9480,-202.28,-0.2088,30.75,6.90,0.481,0.502,0.197,0.0221,0.0500
11150,-23.61629,-8.23441,-15.38188,-6.48798,-8.29681,-0.59709,0.9447,-21.83,-0.0225,30.96,6.96,0.481,0.502,0.197,0.0221,0.0500
11175,-23.64482,-8.22996,-15.41486,-6.51601,-8.29569,-0.60316,0.9488,-17.88,-0.0185,31.45,6.64,0.481,0.502,0.197,0.0221,0.0500
11200,-23.67534,-8.22278,-15.45256,-6.52219,-8.31677,-0.61359,0.9497,-20.23,-0.0209,31.42,6.52,0.481,0.502,0.197,0.0221,0.0500
11225,-23.66032,-8.21822,-15.44209,-6.51046,-8.33929,-0.59234,0.9479,-20.05,-0.0207,30.83,6.62,0.481,0.502,0.197,0.0221,0.0500
11250,-23.65644,-8.21365,-15.44279,-6.53371,-8.30518,-0.60391,0.9513,-109.62,-0.1131,31.32,6.45,0.481,0.502,0.197,0.0221,0.0500
11275,-23.61661,-8.22652,-15.39010,-6.51753,-8.27319,-0.59937,0.9490,-109.57,-0.1131,31.09,6.80,0.482,0.502,0.197,0.0221,0.0500
11300,-23.62178,-8.22062,-15.40116,-6.50544,-8.29116,-0.60457,0.9472,-19.26,-0.0199,31.14,6.60,0.482,0.502,0.197,0.0221,0.0500
11325,-23.62104,-8.22016,-15.40088,-6.51799,-8.26505,-0.61784,0.9490,-111.81,-0.1154,31.36,6.53,0.482,0.502,0.197,0.0221,0.0500
11350,-23.62340,-8.28817,-15.33523,-6.48701,-8.24380,-0.60442,0.9445,-21.91,-0.0226,31.24,6.44,0.482,0.502,0.197,0.0221,0.0500
11375,-23.72946,-8.30911,-15.42035,-6.51055,-8.28651,-0.62329,0.9480,-111.83,-0.1154,31.33,6.67,0.482,0.502,0.197,0.0221,0.0500
11400,-23.70454,-8.29741,-15.40713,-6.49907,-8.30161,-0.60645,0.9463,-23.71,-0.0245,31.38,6.56,0.482,0.502,0.197,0.0221,0.0500
11425,-23.64886,-8.26914,-15.37972,-6.47406,-8.28058,-0.62509,0.9426,68.89,0.0711,31.51,6.31,0.482,0.502,0.197,0.0221,0.0500
11450,-23.68898,-8.28507,-15.40390,-6.51489,-8.27493,-0.61408,0.9486,-20.69,-0.0214,31.34,6.03,0.482,0.502,0.197,0.0221,0.0500
11475,-23.73750,-8.32431,-15.41319,-6.50818,-8.29754,-0.60746,0.9476,68.94,0.0711,31.16,6.06,0.482,0.502,0.197,0.0221,0.0500
11500,-23.76675,-8.34262,-15.42413,-6.50545,-8.30564,-0.61304,0.9472,-21.30,-0.0220,31.26,6.18,0.482,0.502,0.197,0.0221,0.0500
11525,-23.73687,-8.29450,-15.44237,-6.50500,-8.32252,-0.61485,0.9471,159.00,0.1641,31.16,6.20,0.482,0.502,0.197,0.0221,0.0500
11550,-23.76662,-8.32337,-15.44325,-6.52261,-8.30987,-0.61077,0.9497,-111.90,-0.1155,31.28,6.04,0.482,0.502,0.197,0.0221,0.0500
11575,-23.80293,-8.33824,-15.46469,-6.53412,-8.30533,-0.62523,0.9514,-18.97,-0.0196,31.25,6.15,0.482,0.502,0.197,0.0221,0.0500
11600,-23.70002,-8.31706,-15.38296,-6.47823,-8.27600,-0.62874,0.9432,-108.31,-0.1118,31.37,6.23,0.482,0.502,0.197,0.0221,0.0500
11625,-23.75808,-8.31635,-15.44173,-6.52433,-8.31324,-0.60416,0.9500,-112.87,-0.1165,31.28,6.38,0.482,0.502,0.197,0.0221,0.0500
11650,-23.74567,-8.33153,-15.41414,-6.50970,-8.28039,-0.62405,0.9478,-21.46,-0.0221,31.25,6.58,0.482,0.502,0.197,0.0221,0.0500
11675,-23.69048,-8.29652,-15.39396,-6.48387,-8.28984,-0.62026,0.9441,-108.37,-0.1119,30.93,6.79,0.482,0.502,0.197,0.0221,0.0500
11700,-23.70391,-8.28414,-15.41977,-6.52563,-8.28767,-0.60646,0.9502,-198.96,-0.2053,30.78,6.86,0.482,0.502,0.197,0.0221,0.0500
11725,-23.76736,-8.33734,-15.43002,-6.50181,-8.32393,-0.60429,0.9467,-200.62,-0.2070,31.29,6.66,0.482,0.502,0.197,0.0221,0.0500
11750,-23.77068,-8.32068,-15.45000,-6.51464,-8.31908,-0.61629,0.9486,-107.90,-0.1113,30.53,6.68,0.482,0.502,0.197,0.0221,0.0500
11775,-23.81077,-8.33798,-15.47279,-6.52883,-8.31909,-0.62487,0.9506,-108.20,-0.1117,30.88,6.43,0.482,0.502,0.197,0.0221,0.0500
11800,-23.74226,-8.29415,-15.44811,-6.50328,-8.33152,-0.61332,0.9469,-107.83,-0.1113,31.15,6.50,0.482,0.502,0.197,0.0221,0.0500
11825,-23.68963,-8.26776,-15.42186,-6.50772,-8.30159,-0.61256,0.9475,-107.77,-0.1112,30.44,7.15,0.482,0.502,0.197,0.0221,0.0500
11850,-23.80264,-8.33143,-15.47121,-6.51347,-8.34228,-0.61546,0.9484,-109.69,-0.1132,30.88,6.54,0.482,0.502,0.197,0.0221,0.0500
11875,-23.84545,-8.39752,-15.44793,-6.49762,-8.33089,-0.61942,0.9461,-110.07,-0.1136,31.06,6.41,0.482,0.502,0.197,0.0221,0.0500
11900,-23.84176,-8.35157,-15.49018,-6.52891,-8.35696,-0.60431,0.9506,-109.44,-0.1129,31.07,6.43,0.482,0.502,0.197,0.0221,0.0500
11925,-23.84289,-8.38641,-15.45648,-6.51686,-8.30519,-0.63443,0.9489,-19.91,-0.0205,30.99,6.75,0.483,0.502,0.197,0.0221,0.0500
11950,-23.81508,-8.35856,-15.45652,-6.51290,-8.32970,-0.61392,0.9483,-110.48,-0.1140,30.52,7.09,0.483,0.502,0.197,0.0221,0.0500
11975,-23.77059,-8.30879,-15.46179,-6.51971,-8.32336,-0.61873,0.9493,67.86,0.0700,31.52,6.43,0.483,0.502,0.197,0.0221,0.0500
12000,-23.80872,-8.31792,-15.49080,-6.51309,-8.36464,-0.61306,0.9483,-19.73,-0.0204,31.55,6.31,0.483,0.502,0.207,0.0233,0.0500
12025,-23.83429,-8.35935,-15.47494,-6.50985,-8.34986,-0.61522,0.9479,-20.81,-0.0215,31.31,6.59,0.483,0.502,0.207,0.0233,0.0500
12050,-23.79982,-8.35481,-15.44501,-6.51208,-8.31234,-0.62059,0.9482,-109.72,-0.1132,31.51,6.57,0.483,0.502,0.207,0.0233,0.0500
12075,-23.77244,-8.35072,-15.42172,-6.51299,-8.28846,-0.62026,0.9483,-110.13,-0.1137,31.19,6.51,0.483,0.502,0.207,0.0233,0.0500
12100,-23.87597,-8.39993,-15.47604,-6.53082,-8.32936,-0.61586,0.9509,70.51,0.0728,31.01,6.27,0.483,0.502,0.207,0.0233,0.0500
12125,-23.82696,-8.36250,-15.46446,-6.51554,-8.34309,-0.60582,0.9487,-7.42,-0.0077,31.07,5.90,0.483,0.502,0.207,0.0233,0.0500
12150,-23.77108,-8.30230,-15.46877,-6.52443,-8.32627,-0.61808,0.9500,80.51,0.0835,31.29,5.99,0.483,0.502,0.207,0.0233,0.0500
12175,-23.88370,-8.37575,-15.50796,-6.51934,-8.36087,-0.62775,0.9492,80.50,0.0835,31.26,5.97,0.483,0.502,0.207,0.0233,0.0500
12200,-23.86338,-8.41206,-15.45132,-6.51561,-8.31082,-0.62489,0.9487,81.64,0.0847,31.34,6.24,0.483,0.502,0.207,0.0233,0.0500
12225,-23.88862,-8.40454,-15.48408,-6.52804,-8.33777,-0.61827,0.9505,-6.25,-0.0065,31.57,5.87,0.483,0.502,0.207,0.0233,0.0500
12250,-23.84887,-8.37045,-15.47842,-6.52810,-8.31957,-0.63076,0.9505,-96.96,-0.1005,31.42,5.90,0.483,0.502,0.207,0.0233,0.0500
12275,-23.85463,-8.36008,-15.49454,-6.52519,-8.34544,-0.62390,0.9501,-22.07,-0.0228,31.31,6.03,0.483,0.502,0.207,0.0233,0.0500
12300,-23.88406,-8.42502,-15.45904,-6.51946,-8.32829,-0.61128,0.9493,-112.01,-0.1156,31.93,6.46,0.483,0.502,0.207,0.0233,0.0500
12325,-23.79334,-8.34804,-15.44530,-6.53292,-8.29959,-0.61279,0.9512,-21.48,-0.0222,31.31,6.62,0.483,0.502,0.207,0.0233,0.0500
12350,-23.80217,-8.31187,-15.49030,-6.49597,-8.37111,-0.62322,0.9458,66.46,0.0686,31.39,6.54,0.483,0.502,0.207,0.0233,0.0500
12375,-23.76798,-8.28461,-15.48337,-6.55925,-8.31395,-0.61016,0.9550,66.42,0.0685,31.30,6.25,0.482,0.502,0.207,0.0233,0.0500
12400,-23.82911,-8.33272,-15.49639,-6.53051,-8.34214,-0.62373,0.9509,80.60,0.0836,31.44,5.95,0.483,0.502,0.207,0.0233,0.0500
12425,-23.78962,-8.33139,-15.45823,-6.51884,-8.32686,-0.61253,0.9492,68.22,0.0704,31.49,5.98,0.482,0.502,0.207,0.0233,0.0500
12450,-23.76104,-8.30123,-15.45981,-6.51988,-8.32994,-0.60999,0.9493,69.26,0.0715,31.35,5.99,0.482,0.502,0.207,0.0233,0.0500
12475,-23.72233,-8.31490,-15.40744,-6.49415,-8.32162,-0.59167,0.9456,68.15,0.0703,31.54,6.11,0.482,0.502,0.207,0.0233,0.0500
12500,-23.75021,-8.32207,-15.42814,-6.50493,-8.28787,-0.63534,0.9471,68.48,0.0707,31.52,6.27,0.482,0.502,0.207,0.0233,0.0500
12525,-23.74151,-8.32879,-15.41272,-6.48460,-8.30147,-0.62666,0.9442,-22.42,-0.0231,31.49,6.19,0.482,0.502,0.207,0.0233,0.0500
12550,-23.77217,-8.34015,-15.43202,-6.51617,-8.30393,-0.61192,0.9488,157.35,0.1624,31.31,6.42,0.482,0.502,0.207,0.0233,0.0500
12575,-23.78283,-8.31920,-15.46364,-6.49209,-8.33799,-0.63356,0.9453,82.08,0.0851,31.74,6.15,0.482,0.502,0.207,0.0233,0.0500
12600,-23.84182,-8.37097,-15.47085,-6.53665,-8.31288,-0.62132,0.9518,81.73,0.0848,31.50,6.19,0.482,0.502,0.207,0.0233,0.0500
12625,-23.87034,-8.38126,-15.48908,-6.52765,-8.35233,-0.60910,0.9504,-20.29,-0.0209,31.37,6.32,0.482,0.502,0.207,0.0233,0.0500
12650,-23.79837,-8.35019,-15.44817,-6.51690,-8.30395,-0.62733,0.9489,-19.72,-0.0203,31.55,6.35,0.482,0.502,0.207,0.0233,0.0500
12675,-23.86656,-8.38063,-15.48593,-6.52546,-8.34837,-0.61210,0.9501,-19.68,-0.0203,31.42,6.46,0.482,0.502,0.207,0.0233,0.0500
12700,-23.88784,-8.46691,-15.42093,-6.48550,-8.30544,-0.62999,0.9443,-19.96,-0.0206,31.49,6.42,0.482,0.502,0.207,0.0233,0.0500
12725,-23.84884,-8.44978,-15.39906,-6.51411,-8.28245,-0.60250,0.9485,-21.93,-0.0226,31.72,6.15,0.482,0.502,0.207,0.0233,0.0500
12750,-23.84056,-8.38708,-15.45347,-6.52302,-8.32179,-0.60866,0.9498,-20.20,-0.0208,31.65,6.33,0.482,0.502,0.207,0.0233,0.0500
12775,-23.85115,-8.39292,-15.45823,-6.49901,-8.32417,-0.63506,0.9463,-100.85,-0.1046,31.60,5.97,0.482,0.502,0.207,0.0233,0.0500
12800,-23.87130,-8.40347,-15.46782,-6.52384,-8.32135,-0.62264,0.9499,-110.75,-0.1143,31.70,6.36,0.482,0.502,0.207,0.0233,0.0500
12825,-23.91658,-8.41586,-15.50072,-6.54005,-8.35917,-0.60150,0.9523,-21.21,-0.0219,31.55,6.23,0.482,0.502,0.207,0.0233,0.0500
12850,-23.89075,-8.45867,-15.43208,-6.50319,-8.30717,-0.62172,0.9469,-21.79,-0.0225,31.63,6.34,0.482,0.502,0.207,0.0233,0.0500
12875,-23.93268,-8.46785,-15.46482,-6.53140,-8.32801,-0.60541,0.9510,67.13,0.0693,31.63,6.29,0.482,0.501,0.207,0.0233,0.0500
12900,-23.99244,-8.50525,-15.48719,-6.52366,-8.35744,-0.60609,0.9499,-19.24,-0.0199,31.72,6.24,0.482,0.501,0.207,0.0233,0.0500
12925,-23.94448,-8.46185,-15.48263,-6.50932,-8.34662,-0.62669,0.9478,-201.41,-0.2077,31.59,6.65,0.482,0.501,0.207,0.0233,0.0500
12950,-23.84574,-8.40743,-15.43831,-6.48597,-8.32841,-0.62392,0.9444,-200.06,-0.2063,31.67,6.35,0.482,0.501,0.207,0.0233,0.0500
12975,-23.84226,-8.41082,-15.43145,-6.52852,-8.29207,-0.61086,0.9506,-202.40,-0.2087,31.60,6.31,0.482,0.501,0.207,0.0233,0.0500
13000,-23.83527,-8.37555,-15.45972,-6.53271,-8.31707,-0.60994,0.9512,-201.83,-0.2081,31.58,6.32,0.482,0.501,0.197,0.0221,0.0500
13025,-23.85291,-8.37214,-15.48077,-6.51523,-8.34940,-0.61614,0.9486,-111.46,-0.1149,31.60,6.32,0.482,0.501,0.197,0.0221,0.0500
13050,-23.90206,-8.41144,-15.49062,-6.51955,-8.36833,-0.60274,0.9493,-108.67,-0.1121,31.52,6.64,0.482,0.501,0.197,0.0221,0.0500
13075,-23.90361,-8.45882,-15.44479,-6.50669,-8.32939,-0.60870,0.9474,-108.55,-0.1120,31.21,6.65,0.482,0.501,0.197,0.0221,0.0500
13100,-23.90512,-8.44401,-15.46111,-6.50747,-8.34690,-0.60675,0.9475,-17.85,-0.0184,31.39,6.42,0.482,0.501,0.197,0.0221,0.0500
13125,-23.91812,-8.46548,-15.45264,-6.49419,-8.34071,-0.61774,0.9456,-198.45,-0.2048,31.60,6.35,0.482,0.501,0.197,0.0221,0.0500
13150,-23.94677,-8.48633,-15.46043,-6.52145,-8.31653,-0.62245,0.9495,-20.39,-0.0210,31.47,6.55,0.482,0.501,0.197,0.0221,0.0500
13175,-23.89743,-8.42608,-15.47135,-6.53588,-8.31608,-0.61938,0.9516,-199.30,-0.2056,31.54,6.30,0.482,0.501,0.197,0.0221,0.0500
13200,-23.90914,-8.47954,-15.42961,-6.49745,-8.32165,-0.61051,0.9460,-109.83,-0.1133,31.32,6.55,0.482,0.501,0.197,0.0221,0.0500
13225,-23.91569,-8.40956,-15.50613,-6.51860,-8.35735,-0.63019,0.9491,-109.84,-0.1133,31.26,6.43,0.482,0.502,0.197,0.0221,0.0500
13250,-23.90742,-8.47393,-15.43350,-6.48402,-8.30656,-0.64291,0.9441,-108.86,-0.1123,31.27,6.66,0.482,0.502,0.197,0.0221,0.0500
13275,-23.92656,-8.44500,-15.48156,-6.50257,-8.33649,-0.64250,0.9468,-109.95,-0.1134,31.47,6.37,0.482,0.502,0.197,0.0221,0.0500
13300,-23.86386,-8.40725,-15.45661,-6.52413,-8.30078,-0.63171,0.9499,-108.66,-0.1121,31.23,6.65,0.482,0.502,0.197,0.0221,0.0500
13325,-23.98498,-8.52279,-15.46219,-6.49104,-8.33367,-0.63748,0.9451,-198.71,-0.2050,31.14,6.34,0.482,0.502,0.197,0.0221,0.0500
13350,-23.95109,-8.49761,-15.45348,-6.49388,-8.32356,-0.63604,0.9455,-199.16,-0.2054,31.23,6.48,0.482,0.502,0.197,0.0221,0.0500
13375,-23.93756,-8.44485,-15.49271,-6.51998,-8.36820,-0.60453,0.9493,-199.06,-0.2053,31.30,6.34,0.482,0.502,0.197,0.0221,0.0500
13400,-23.84784,-8.40057,-15.44727,-6.52985,-8.30248,-0.61494,0.9508,-197.25,-0.2035,31.50,6.47,0.482,0.502,0.197,0.0221,0.0500
13425,-23.93352,-8.46658,-15.46694,-6.52607,-8.29940,-0.64147,0.9502,-108.62,-0.1120,31.54,6.50,0.482,0.502,0.197,0.0221,0.0500
13450,-23.85109,-8.40402,-15.44707,-6.49961,-8.33500,-0.61246,0.9464,-196.98,-0.2031,31.23,6.58,0.482,0.502,0.197,0.0221,0.0500
13475,-23.80639,-8.37618,-15.43021,-6.50248,-8.31221,-0.61552,0.9468,-106.70,-0.1100,31.24,6.54,0.482,0.502,0.197,0.0221,0.0500
13500,-23.88763,-8.36446,-15.52317,-6.52481,-8.37867,-0.61968,0.9500,-109.19,-0.1126,31.22,6.83,0.482,0.502,0.197,0.0221,0.0500
13525,-23.90896,-8.41772,-15.49123,-6.52418,-8.33910,-0.62796,0.9499,-197.44,-0.2036,31.50,6.67,0.482,0.502,0.197,0.0221,0.0500
13550,-23.89514,-8.41660,-15.47854,-6.50039,-8.34298,-0.63517,0.9465,-111.13,-0.1146,31.23,6.76,0.482,0.502,0.197,0.0221,0.0500
13575,-23.82894,-8.37563,-15.45332,-6.52067,-8.31298,-0.61967,0.9494,-199.30,-0.2055,31.41,6.81,0.482,0.502,0.197,0.0221,0.0500
13600,-23.87671,-8.38557,-15.49115,-6.50929,-8.37156,-0.61029,0.9478,-288.83,-0.2978,31.04,6.75,0.482,0.502,0.197,0.0221,0.0500
13625,-23.90037,-8.43023,-15.47014,-6.51793,-8.32081,-0.63140,0.9490,-198.80,-0.2050,31.28,6.80,0.482,0.502,0.197,0.0221,0.0500
13650,-23.87068,-8.43294,-15.43774,-6.51720,-8.29082,-0.62972,0.9489,-202.55,-0.2089,31.18,6.69,0.482,0.502,0.197,0.0221,0.0500
13675,-23.90155,-8.41077,-15.49078,-6.53283,-8.34629,-0.61167,0.9512,-112.93,-0.1165,31.32,6.50,0.482,0.502,0.197,0.0221,0.0500
13700,-23.83031,-8.45091,-15.37940,-6.47180,-8.24708,-0.66052,0.9423,-113.29,-0.1168,31.04,6.82,0.483,0.502,0.197,0.0221,0.0500
13725,-23.87504,-8.44513,-15.42991,-6.52136,-8.29283,-0.61571,0.9495,-20.26,-0.0209,31.09,6.83,0.483,0.502,0.197,0.0221,0.0500
13750,-23.90804,-8.45603,-15.45201,-6.51944,-8.30870,-0.62387,0.9493,-19.38,-0.0200,31.52,6.75,0.483,0.502,0.197,0.0221,0.0500
13775,-23.88805,-8.43200,-15.45604,-6.52137,-8.30680,-0.62787,0.9495,-18.42,-0.0190,31.67,6.54,0.483,0.502,0.197,0.0221,0.0500
13800,-23.90993,-8.46842,-15.44151,-6.53021,-8.29641,-0.61489,0.9508,-18.77,-0.0194,31.61,6.59,0.483,0.502,0.197,0.0221,0.0500
13825,-23.94706,-8.48467,-15.46240,-6.51932,-8.31609,-0.62699,0.9492,-22.18,-0.0229,31.25,6.73,0.483,0.502,0.197,0.0221,0.0500
13850,-23.90034,-8.39824,-15.50209,-6.55278,-8.35510,-0.59421,0.9541,-203.73,-0.2102,31.12,6.62,0.483,0.502,0.197,0.0221,0.0500
13875,-23.90951,-8.46044,-15.44906,-6.49717,-8.32327,-0.62862,0.9460,-293.74,-0.3030,30.95,6.67,0.483,0.502,0.197,0.0221,0.0500
13900,-23.99160,-8.47938,-15.51222,-6.53107,-8.36018,-0.62096,0.9509,-115.83,-0.1195,30.61,7.05,0.483,0.502,0.197,0.0221,0.0500
13925,-23.99010,-8.48171,-15.50840,-6.51068,-8.36128,-0.63644,0.9480,-114.02,-0.1176,30.58,7.07,0.483,0.502,0.197,0.0221,0.0500
13950,-23.99032,-8.49945,-15.49086,-6.52850,-8.34609,-0.61628,0.9506,-25.02,-0.0258,30.94,6.39,0.483,0.502,0.197,0.0221,0.0500
13975,-24.00634,-8.52631,-15.48003,-6.49965,-8.33756,-0.64282,0.9464,-20.41,-0.0211,31.64,6.23,0.483,0.502,0.197,0.0221,0.0500
14000,-23.96409,-8.50016,-15.46394,-6.53022,-8.29202,-0.64170,0.9508,-24.10,-0.0249,31.03,6.57,0.483,0.502,0.187,0.0210,0.0500
14025,-23.94971,-8.46410,-15.48562,-6.51004,-8.34879,-0.62678,0.9479,-23.04,-0.0238,31.09,6.45,0.483,0.502,0.187,0.0210,0.0500
14050,-24.01524,-8.51163,-15.50361,-6.52349,-8.36683,-0.61329,0.9498,-117.37,-0.1212,30.66,6.91,0.483,0.502,0.187,0.0210,0.0500
14075,-23.94566,-8.51238,-15.43329,-6.49875,-8.32243,-0.61210,0.9462,-115.63,-0.1193,30.81,6.72,0.483,0.502,0.187,0.0210,0.0500
14100,-23.98445,-8.51464,-15.46981,-6.51526,-8.32039,-0.63417,0.9486,-114.24,-0.1179,30.36,7.00,0.483,0.502,0.187,0.0210,0.0500
14125,-23.87993,-8.41649,-15.46345,-6.51237,-8.32964,-0.62144,0.9482,-110.81,-0.1142,30.54,6.86,0.483,0.502,0.187,0.0210,0.0500
14150,-23.97862,-8.49019,-15.48843,-6.53660,-8.31963,-0.63221,0.9517,-114.98,-0.1186,30.48,7.00,0.483,0.502,0.187,0.0210,0.0500
14175,-23.91907,-8.50445,-15.41463,-6.49235,-8.28624,-0.63604,0.9453,66.07,0.0682,31.02,6.65,0.483,0.502,0.187,0.0210,0.0500
14200,-24.00987,-8.52887,-15.48099,-6.52255,-8.31591,-0.64254,0.9497,-204.47,-0.2109,31.03,6.51,0.483,0.502,0.187,0.0210,0.0500
14225,-23.93917,-8.49385,-15.44532,-6.51759,-8.31130,-0.61643,0.9490,-204.43,-0.2109,30.96,6.63,0.483,0.502,0.187,0.0210,0.0500
14250,-23.89741,-8.46621,-15.43120,-6.50629,-8.27508,-0.64983,0.9473,-204.77,-0.2112,31.28,6.44,0.483,0.502,0.187,0.0210,0.0500
14275,-23.89782,-8.47375,-15.42407,-6.49630,-8.29868,-0.62909,0.9459,-114.74,-0.1185,31.32,6.45,0.483,0.502,0.187,0.0210,0.0500
14300,-23.84825,-8.42304,-15.42521,-6.50601,-8.30058,-0.61862,0.9473,-205.26,-0.2118,31.36,6.64,0.483,0.502,0.187,0.0210,0.0500
14325,-23.88493,-8.40881,-15.47612,-6.50063,-8.33040,-0.64509,0.9465,-114.36,-0.1180,31.44,6.46,0.483,0.502,0.187,0.0210,0.0500
14350,-23.83751,-8.41785,-15.41966,-6.49359,-8.31210,-0.61398,0.9455,-24.89,-0.0257,31.42,6.63,0.483,0.502,0.187,0.0210,0.0500
14375,-23.94057,-8.47189,-15.46868,-6.51283,-8.33078,-0.62508,0.9483,-22.01,-0.0227,31.64,6.21,0.483,0.502,0.187,0.0210,0.0500
14400,-23.92649,-8.44336,-15.48313,-6.51246,-8.34047,-0.63020,0.9482,-113.45,-0.1171,31.55,6.44,0.483,0.502,0.187,0.0210,0.0500
14425,-23.91723,-8.46490,-15.45232,-6.50549,-8.32543,-0.62141,0.9472,-114.45,-0.1181,31.70,6.34,0.483,0.502,0.187,0.0210,0.0500
14450,-23.92929,-8.44471,-15.48458,-6.52254,-8.33525,-0.62679,0.9497,-114.32,-0.1180,31.47,6.34,0.484,0.502,0.187,0.0210,0.0500
14475,-23.87603,-8.40346,-15.47257,-6.50532,-8.33994,-0.62731,0.9472,-17.27,-0.0178,31.58,6.10,0.484,0.502,0.187,0.0210,0.0500
14500,-23.83906,-8.40704,-15.43201,-6.51109,-8.29203,-0.62889,0.9480,-21.27,-0.0219,31.77,5.94,0.484,0.502,0.187,0.0210,0.0500
14525,-23.87161,-8.39909,-15.47251,-6.53202,-8.33151,-0.60899,0.9511,-18.64,-0.0192,31.75,5.90,0.484,0.502,0.187,0.0210,0.0500
14550,-23.90494,-8.44086,-15.46408,-6.52410,-8.31532,-0.62466,0.9499,-21.33,-0.0220,31.55,6.31,0.484,0.502,0.187,0.0210,0.0500
14575,-23.92879,-8.45246,-15.47633,-6.52078,-8.35483,-0.60072,0.9494,-21.04,-0.0217,31.67,6.12,0.484,0.502,0.187,0.0210,0.0500
14600,-23.86105,-8.42345,-15.43760,-6.48303,-8.31436,-0.64021,0.9439,-20.27,-0.0209,31.43,6.34,0.484,0.502,0.187,0.0210,0.0500
14625,-23.85695,-8.39334,-15.46362,-6.50735,-8.35298,-0.60330,0.9475,-22.94,-0.0237,31.75,6.17,0.484,0.502,0.187,0.0210,0.0500
14650,-23.96958,-8.46700,-15.50259,-6.52766,-8.35801,-0.61691,0.9504,-23.56,-0.0243,31.74,6.19,0.484,0.501,0.187,0.0210,0.0500
14675,-23.78362,-8.34720,-15.43642,-6.49998,-8.31513,-0.62131,0.9464,-23.33,-0.0241,31.68,6.21,0.484,0.501,0.187,0.0210,0.0500
14700,-23.76094,-8.30045,-15.46049,-6.49721,-8.33731,-0.62597,0.9460,-19.86,-0.0205,31.44,6.18,0.484,0.501,0.187,0.0210,0.0500
14725,-23.79546,-8.33893,-15.45653,-6.48304,-8.35053,-0.62296,0.9440,-9.85,-0.0102,31.64,5.95,0.484,0.501,0.187,0.0210,0.0500
14750,-23.88087,-8.38421,-15.49666,-6.52488,-8.35522,-0.61657,0.9500,-8.81,-0.0091,31.05,6.12,0.484,0.501,0.187,0.0210,0.0500
14775,-23.82204,-8.33620,-15.48584,-6.50929,-8.33116,-0.64539,0.9478,-8.80,-0.0091,30.83,6.20,0.484,0.501,0.187,0.0210,0.0500
14800,-23.72341,-8.25399,-15.46943,-6.51409,-8.31949,-0.63585,0.9485,81.11,0.0838,30.99,5.90,0.484,0.501,0.187,0.0210,0.0500
14825,-23.82453,-8.35458,-15.46995,-6.49820,-8.35890,-0.61285,0.9462,-16.07,-0.0166,31.52,5.95,0.484,0.501,0.187,0.0210,0.0500
14850,-23.77437,-8.29968,-15.47469,-6.54514,-8.31516,-0.61440,0.9530,-15.93,-0.0164,31.57,5.75,0.484,0.501,0.187,0.0210,0.0500
14875,-23.80453,-8.32421,-15.48032,-6.49689,-8.37529,-0.60814,0.9460,-16.80,-0.0173,31.40,5.95,0.485,0.501,0.187,0.0210,0.0500
14900,-23.84317,-8.37467,-15.46851,-6.50971,-8.33131,-0.62748,0.9478,-15.27,-0.0158,31.46,5.94,0.485,0.501,0.187,0.0210,0.0500
14925,-23.95102,-8.44209,-15.50893,-6.52937,-8.34639,-0.63317,0.9507,-14.50,-0.0150,31.74,5.81,0.485,0.501,0.187,0.0210,0.0500
14950,-23.90970,-8.46629,-15.44341,-6.50283,-8.32275,-0.61783,0.9468,-15.16,-0.0156,31.32,6.11,0.485,0.501,0.187,0.0210,0.0500
14975,-23.93005,-8.47405,-15.45600,-6.48292,-8.33735,-0.63573,0.9439,-15.50,-0.0160,31.36,5.87,0.485,0.501,0.187,0.0210,0.0500
15000,-23.93865,-8.46950,-15.46915,-6.53995,-8.30317,-0.62602,0.9522,-17.62,-0.0182,31.13,6.11,0.485,0.501,0.196,0.0220,0.0500
15025,-23.92663,-8.43431,-15.49231,-6.51411,-8.34995,-0.62825,0.9485,-17.21,-0.0178,31.18,6.15,0.485,0.501,0.196,0.0220,0.0500
15050,-23.87057,-8.40881,-15.46176,-6.51340,-8.31557,-0.63280,0.9484,-17.37,-0.0179,31.07,6.36,0.485,0.501,0.196,0.0220,0.0500
15075,-23.90686,-8.47244,-15.43443,-6.51429,-8.31011,-0.61003,0.9485,-17.28,-0.0178,31.30,6.59,0.485,0.501,0.196,0.0220,0.0500
15100,-23.90509,-8.44247,-15.46263,-6.51512,-8.32046,-0.62705,0.9486,-19.08,-0.0197,30.79,6.78,0.485,0.501,0.196,0.0220,0.0500
15125,-23.86459,-8.41311,-15.45148,-6.50004,-8.31247,-0.63898,0.9464,-198.39,-0.2047,30.85,6.84,0.485,0.501,0.196,0.0220,0.0500
15150,-23.87101,-8.44738,-15.42364,-6.50448,-8.30045,-0.61870,0.9471,-16.69,-0.0172,31.17,6.21,0.485,0.501,0.196,0.0220,0.0500
15175,-23.79070,-8.36186,-15.42884,-6.49142,-8.29284,-0.64458,0.9452,-106.78,-0.1101,32.05,5.32,0.485,0.501,0.196,0.0220,0.0500
15200,-23.81971,-8.37525,-15.44446,-6.49992,-8.30952,-0.63502,0.9464,-16.69,-0.0172,31.21,5.34,0.485,0.501,0.196,0.0220,0.0500
15225,-23.94272,-8.41982,-15.52290,-6.53936,-8.34859,-0.63495,0.9522,-17.00,-0.0175,31.02,5.69,0.485,0.501,0.196,0.0220,0.0500
15250,-23.79553,-8.37010,-15.42543,-6.48149,-8.29301,-0.65093,0.9437,72.27,0.0746,30.85,5.99,0.485,0.501,0.196,0.0220,0.0500
15275,-23.85318,-8.36826,-15.48493,-6.52693,-8.33884,-0.61917,0.9503,74.07,0.0765,30.66,6.13,0.485,0.501,0.196,0.0220,0.0500
15300,-23.86458,-8.43036,-15.43422,-6.50122,-8.31248,-0.62052,0.9466,75.65,0.0781,30.63,6.12,0.485,0.501,0.196,0.0220,0.0500
15325,-23.87531,-8.40560,-15.46971,-6.50824,-8.32918,-0.63230,0.9476,-15.41,-0.0159,31.31,5.70,0.485,0.501,0.196,0.0220,0.0500
15350,-23.85377,-8.37671,-15.47706,-6.49911,-8.35660,-0.62135,0.9463,74.53,0.0769,30.94,5.53,0.485,0.501,0.196,0.0220,0.0500
15375,-23.81173,-8.34649,-15.46523,-6.49790,-8.33533,-0.63201,0.9461,75.30,0.0777,30.73,5.98,0.485,0.501,0.196,0.0220,0.0500
15400,-23.86907,-8.38081,-15.48827,-6.50606,-8.35132,-0.63089,0.9473,-15.31,-0.0158,30.83,6.03,0.485,0.501,0.196,0.0220,0.0500
15425,-23.92233,-8.40375,-15.51858,-6.54236,-8.34511,-0.63112,0.9526,-18.97,-0.0196,30.98,5.79,0.485,0.501,0.196,0.0220,0.0500
15450,-23.79356,-8.33986,-15.45370,-6.50754,-8.31206,-0.63410,0.9475,-20.00,-0.0206,31.09,5.66,0.485,0.502,0.196,0.0220,0.0500
15475,-23.95105,-8.42476,-15.52629,-6.54512,-8.37538,-0.60580,0.9530,-111.63,-0.1151,30.84,6.62,0.485,0.502,0.196,0.0220,0.0500
15500,-23.91945,-8.40102,-15.51843,-6.52662,-8.36712,-0.62469,0.9503,-109.08,-0.1126,31.20,6.16,0.485,0.502,0.196,0.0220,0.0500
15525,-23.93249,-8.46894,-15.46355,-6.47497,-8.35261,-0.63598,0.9428,70.79,0.0730,31.35,5.79,0.485,0.502,0.196,0.0220,0.0500
15550,-23.92776,-8.46105,-15.46671,-6.48484,-8.33974,-0.64213,0.9442,-109.89,-0.1134,31.29,5.82,0.485,0.502,0.196,0.0220,0.0500
15575,-23.93746,-8.44642,-15.49103,-6.51074,-8.33653,-0.64376,0.9480,-109.89,-0.1134,31.08,6.56,0.485,0.502,0.196,0.0220,0.0500
15600,-23.91464,-8.42481,-15.48983,-6.50566,-8.34607,-0.63810,0.9472,-109.15,-0.1126,30.95,6.60,0.486,0.502,0.196,0.0220,0.0500
15625,-23.92547,-8.44051,-15.48496,-6.51134,-8.34638,-0.62725,0.9481,-111.16,-0.1147,31.68,6.26,0.486,0.502,0.196,0.0220,0.0500
15650,-23.86123,-8.37049,-15.49073,-6.51400,-8.32787,-0.64886,0.9485,-111.21,-0.1147,31.33,6.39,0.486,0.502,0.196,0.0220,0.0500
15675,-23.91860,-8.40036,-15.51824,-6.53126,-8.35470,-0.63229,0.9510,-111.25,-0.1148,31.17,6.59,0.486,0.502,0.196,0.0220,0.0500
15700,-23.90278,-8.39561,-15.50717,-6.52004,-8.35663,-0.63050,0.9493,-116.15,-0.1198,31.32,6.41,0.486,0.502,0.196,0.0220,0.0500
15725,-23.88588,-8.41993,-15.46595,-6.47907,-8.36345,-0.62343,0.9434,-204.76,-0.2114,30.94,6.79,0.486,0.502,0.196,0.0220,0.0500
15750,-23.96468,-8.48602,-15.47866,-6.50328,-8.33659,-0.63879,0.9469,-203.89,-0.2105,31.09,6.35,0.486,0.502,0.196,0.0220,0.0500
15775,-23.93736,-8.45956,-15.47780,-6.49656,-8.34877,-0.63246,0.9459,-112.05,-0.1156,31.57,6.33,0.486,0.502,0.196,0.0220,0.0500
15800,-24.02345,-8.49418,-15.52927,-6.54226,-8.35855,-0.62845,0.9526,-111.78,-0.1154,31.29,6.26,0.486,0.502,0.196,0.0220,0.0500
15825,-23.89476,-8.42520,-15.46956,-6.50595,-8.32890,-0.63471,0.9473,-116.03,-0.1198,31.40,6.33,0.486,0.502,0.196,0.0220,0.0500
15850,-23.88385,-8.40102,-15.48283,-6.51727,-8.34673,-0.61883,0.9489,-201.43,-0.2080,31.51,6.26,0.486,0.502,0.196,0.0220,0.0500
15875,-23.97288,-8.45905,-15.51383,-6.52068,-8.37954,-0.61361,0.9494,-112.00,-0.1156,31.23,6.51,0.486,0.502,0.196,0.0220,0.0500
15900,-23.97141,-8.48770,-15.48371,-6.51515,-8.31958,-0.64899,0.9486,-21.35,-0.0220,31.59,6.09,0.486,0.502,0.196,0.0220,0.0500
15925,-24.01698,-8.51701,-15.49998,-6.50053,-8.36522,-0.63423,0.9465,-115.35,-0.1192,31.51,6.22,0.486,0.502,0.196,0.0220,0.0500
15950,-23.92507,-8.46166,-15.46341,-6.49208,-8.33595,-0.63538,0.9453,-106.58,-0.1101,31.51,6.20,0.486,0.502,0.196,0.0220,0.0500
15975,-23.99102,-8.49354,-15.49748,-6.52120,-8.33916,-0.63713,0.9495,-15.16,-0.0157,31.31,6.08,0.486,0.502,0.196,0.0220,0.0500
16000,-24.00243,-8.50208,-15.50035,-6.49999,-8.35948,-0.64088,0.9464,-105.29,-0.1088,31.24,6.16,0.486,0.502,0.206,0.0231,0.0500
16025,-24.07948,-8.50902,-15.57046,-6.53319,-8.42037,-0.61690,0.9513,-194.52,-0.2009,31.50,5.88,0.486,0.502,0.206,0.0231,0.0500
16050,-24.04276,-8.51529,-15.52747,-6.52103,-8.38654,-0.61991,0.9495,-15.56,-0.0161,31.13,6.08,0.486,0.502,0.206,0.0231,0.0500
16075,-23.98150,-8.45739,-15.52411,-6.50449,-8.38315,-0.63647,0.9471,-15.56,-0.0161,31.20,6.09,0.486,0.502,0.206,0.0231,0.0500
16100,-23.99100,-8.50338,-15.48762,-6.51952,-8.34040,-0.62770,0.9493,-20.89,-0.0216,31.28,6.39,0.486,0.502,0.206,0.0231,0.0500
16125,-24.12911,-8.57318,-15.55593,-6.52443,-8.39590,-0.63560,0.9500,-21.97,-0.0227,31.45,6.31,0.486,0.502,0.206,0.0231,0.0500
16150,-24.04438,-8.56940,-15.47498,-6.49608,-8.35122,-0.62768,0.9458,-21.74,-0.0225,31.61,6.25,0.486,0.502,0.206,0.0231,0.0500
16175,-24.04550,-8.50939,-15.53612,-6.51087,-8.40168,-0.62357,0.9480,-21.69,-0.0224,30.93,6.11,0.486,0.502,0.206,0.0231,0.0500
16200,-24.09102,-8.59600,-15.49503,-6.50745,-8.36934,-0.61824,0.9475,-111.39,-0.1151,30.87,6.17,0.486,0.502,0.206,0.0231,0.0500
16225,-24.04356,-8.55968,-15.48388,-6.50476,-8.36577,-0.61334,0.9471,-21.70,-0.0224,30.81,6.20,0.486,0.502,0.206,0.0231,0.0500
16250,-24.04693,-8.53064,-15.51629,-6.51984,-8.37371,-0.62275,0.9493,-24.22,-0.0250,30.82,5.81,0.486,0.502,0.206,0.0231,0.0500
16275,-24.07075,-8.58049,-15.49026,-6.51769,-8.34947,-0.62310,0.9490,-203.71,-0.2104,30.86,6.33,0.486,0.502,0.206,0.0231,0.0500
16300,-24.04110,-8.52964,-15.51147,-6.51934,-8.36092,-0.63120,0.9492,-202.14,-0.2088,30.81,6.10,0.486,0.502,0.206,0.0231,0.0500
16325,-24.15429,-8.64310,-15.51119,-6.51455,-8.36753,-0.62911,0.9485,-114.30,-0.1180,30.80,6.10,0.486,0.502,0.206,0.0231,0.0500
16350,-24.12397,-8.60946,-15.51451,-6.50489,-8.37600,-0.63362,0.9471,-113.82,-0.1175,31.10,5.82,0.486,0.502,0.206,0.0231,0.0500
16375,-24.10545,-8.58200,-15.52345,-6.51039,-8.38060,-0.63245,0.9479,-113.46,-0.1172,31.01,6.06,0.486,0.502,0.206,0.0231,0.0500
16400,-24.05465,-8.53412,-15.52052,-6.52298,-8.37339,-0.62415,0.9498,-206.58,-0.2133,30.98,6.12,0.486,0.502,0.206,0.0231,0.0500
16425,-24.06901,-8.54983,-15.51917,-6.51458,-8.39502,-0.60957,0.9485,-201.51,-0.2079,30.68,6.35,0.486,0.501,0.206,0.0231,0.0500
16450,-24.05484,-8.53821,-15.51663,-6.53955,-8.36055,-0.61653,0.9522,-112.87,-0.1165,30.99,6.15,0.486,0.501,0.206,0.0231,0.0500
16475,-24.00590,-8.50429,-15.50161,-6.51694,-8.35992,-0.62474,0.9489,-115.29,-0.1191,30.92,6.21,0.486,0.501,0.206,0.0231,0.0500
16500,-23.99240,-8.51665,-15.47575,-6.49818,-8.34894,-0.62862,0.9462,-115.45,-0.1192,31.00,5.88,0.486,0.501,0.206,0.0231,0.0500
16525,-23.95125,-8.47049,-15.48076,-6.53240,-8.32165,-0.62671,0.9511,-23.33,-0.0241,30.60,5.98,0.486,0.501,0.206,0.0231,0.0500
16550,-23.98155,-8.51603,-15.46552,-6.51210,-8.32471,-0.62871,0.9482,-23.12,-0.0239,30.75,6.00,0.486,0.501,0.206,0.0231,0.0500
16575,-24.00798,-8.50940,-15.49858,-6.51665,-8.35018,-0.63175,0.9488,-25.09,-0.0259,31.09,5.99,0.486,0.501,0.206,0.0231,0.0500
16600,-24.05132,-8.52648,-15.52484,-6.52665,-8.38608,-0.61211,0.9503,-22.39,-0.0231,31.11,5.78,0.486,0.501,0.206,0.0231,0.0500
16625,-24.10395,-8.59577,-15.50818,-6.52756,-8.35443,-0.62619,0.9504,-27.70,-0.0286,30.95,5.98,0.486,0.501,0.206,0.0231,0.0500
16650,-24.10516,-8.58225,-15.52291,-6.51376,-8.36760,-0.64155,0.9484,-23.57,-0.0243,30.75,5.91,0.486,0.501,0.206,0.0231,0.0500
16675,-24.05332,-8.58418,-15.46914,-6.47634,-8.36430,-0.62850,0.9430,67.41,0.0696,30.93,5.96,0.486,0.501,0.206,0.0231,0.0500
16700,-24.09406,-8.60585,-15.48821,-6.48859,-8.37478,-0.62484,0.9448,-22.65,-0.0234,30.92,6.08,0.486,0.501,0.206,0.0231,0.0500
16725,-24.01456,-8.53678,-15.47777,-6.51586,-8.35559,-0.60633,0.9487,65.76,0.0679,30.86,5.74,0.486,0.501,0.206,0.0231,0.0500
16750,-24.09376,-8.60498,-15.48879,-6.49071,-8.37208,-0.62600,0.9451,67.13,0.0693,31.06,5.67,0.486,0.501,0.206,0.0231,0.0500
16775,-24.03113,-8.54256,-15.48856,-6.51225,-8.37006,-0.60626,0.9482,64.68,0.0668,31.04,5.92,0.486,0.501,0.206,0.0231,0.0500
16800,-23.94590,-8.46581,-15.48009,-6.50404,-8.35486,-0.62119,0.9470,-25.36,-0.0262,31.14,5.96,0.486,0.501,0.206,0.0231,0.0500
16825,-23.96341,-8.50008,-15.46333,-6.49955,-8.34279,-0.62099,0.9464,76.77,0.0793,30.99,5.94,0.486,0.501,0.206,0.0231,0.0500
16850,-24.00546,-8.54735,-15.45812,-6.49964,-8.32109,-0.63738,0.9464,166.66,0.1721,30.74,6.00,0.486,0.501,0.206,0.0231,0.0500
16875,-23.99682,-8.52670,-15.47012,-6.51177,-8.32709,-0.63126,0.9481,-15.59,-0.0161,30.64,6.06,0.486,0.501,0.206,0.0231,0.0500
16900,-24.05990,-8.58101,-15.47888,-6.47706,-8.36435,-0.63748,0.9431,74.25,0.0767,30.74,6.01,0.486,0.501,0.206,0.0231,0.0500
16925,-24.00250,-8.53965,-15.46285,-6.48929,-8.33923,-0.63434,0.9449,74.54,0.0770,30.34,6.40,0.486,0.501,0.206,0.0231,0.0500
16950,-24.00626,-8.47913,-15.52713,-6.52021,-8.37812,-0.62881,0.9494,68.20,0.0704,31.08,5.99,0.486,0.501,0.206,0.0231,0.0500
16975,-24.02948,-8.54647,-15.48301,-6.52048,-8.33946,-0.62307,0.9494,-112.66,-0.1164,31.04,6.25,0.486,0.501,0.206,0.0231,0.0500
17000,-24.01716,-8.53638,-15.48078,-6.49562,-8.35628,-0.62887,0.9458,-20.62,-0.0213,30.94,6.42,0.486,0.501,0.196,0.0220,0.0500
17025,-23.97257,-8.51040,-15.46217,-6.46366,-8.34274,-0.65577,0.9411,-23.54,-0.0243,30.73,6.42,0.486,0.501,0.196,0.0220,0.0500
17050,-23.99774,-8.53394,-15.46380,-6.49033,-8.35755,-0.61592,0.9450,-24.63,-0.0254,31.18,6.22,0.486,0.501,0.196,0.0220,0.0500
17075,-24.12058,-8.61317,-15.50741,-6.51428,-8.37215,-0.62098,0.9485,-113.85,-0.1175,31.08,6.29,0.486,0.501,0.196,0.0220,0.0500
17100,-24.10050,-8.61250,-15.48800,-6.51327,-8.35617,-0.61855,0.9484,-20.68,-0.0214,31.27,6.23,0.486,0.501,0.196,0.0220,0.0500
17125,-24.16362,-8.62605,-15.53756,-6.52756,-8.40748,-0.60252,0.9504,68.24,0.0704,31.02,5.86,0.486,0.501,0.196,0.0220,0.0500
17150,-24.10746,-8.59937,-15.50809,-6.53035,-8.35922,-0.61851,0.9508,71.14,0.0734,30.96,6.09,0.486,0.501,0.196,0.0220,0.0500
17175,-24.13096,-8.59727,-15.53370,-6.52777,-8.39420,-0.61173,0.9505,67.86,0.0700,30.77,5.88,0.486,0.501,0.196,0.0220,0.0500
17200,-24.11840,-8.58900,-15.52940,-6.52930,-8.38334,-0.61676,0.9507,-25.38,-0.0262,30.60,6.01,0.486,0.501,0.196,0.0220,0.0500
17225,-24.08952,-8.60506,-15.48446,-6.51271,-8.33624,-0.63551,0.9483,67.41,0.0695,30.42,6.20,0.486,0.501,0.196,0.0220,0.0500
17250,-24.13340,-8.66910,-15.46431,-6.49391,-8.34043,-0.62996,0.9455,69.49,0.0717,30.79,6.24,0.486,0.501,0.196,0.0220,0.0500
17275,-24.10110,-8.64319,-15.45792,-6.48378,-8.35257,-0.62157,0.9441,-20.02,-0.0207,31.21,5.96,0.486,0.501,0.196,0.0220,0.0500
17300,-24.13635,-8.60881,-15.52754,-6.50261,-8.40014,-0.62479,0.9468,-19.78,-0.0204,31.27,5.95,0.486,0.501,0.196,0.0220,0.0500
17325,-24.20586,-8.66919,-15.53668,-6.51666,-8.38483,-0.63519,0.9488,-19.89,-0.0205,31.45,5.76,0.486,0.501,0.196,0.0220,0.0500
17350,-24.18073,-8.68371,-15.49703,-6.51392,-8.36833,-0.61477,0.9484,69.82,0.0721,31.02,6.05,0.486,0.501,0.196,0.0220,0.0500
17375,-24.17352,-8.65123,-15.52229,-6.51622,-8.37949,-0.62659,0.9488,156.75,0.1618,30.68,6.23,0.486,0.501,0.196,0.0220,0.0500
17400,-24.21976,-8.71768,-15.50208,-6.51541,-8.38013,-0.60654,0.9487,-29.36,-0.0303,31.09,5.85,0.486,0.501,0.196,0.0220,0.0500
17425,-24.14701,-8.67929,-15.46772,-6.48711,-8.33527,-0.64535,0.9445,-29.61,-0.0306,31.09,6.10,0.486,0.501,0.196,0.0220,0.0500
17450,-24.17421,-8.69235,-15.48186,-6.53354,-8.32820,-0.62013,0.9513,-25.32,-0.0262,30.74,6.44,0.486,0.501,0.196,0.0220,0.0500
17475,-24.21093,-8.71308,-15.49785,-6.53350,-8.34216,-0.62218,0.9513,65.90,0.0680,30.49,6.12,0.486,0.501,0.196,0.0220,0.0500
17500,-24.24037,-8.75692,-15.48345,-6.50845,-8.34776,-0.62725,0.9476,64.08,0.0662,30.61,6.67,0.486,0.501,0.196,0.0220,0.0500
17525,-24.15990,-8.63939,-15.52051,-6.50455,-8.40286,-0.61310,0.9471,65.99,0.0681,30.70,6.52,0.486,0.501,0.196,0.0220,0.0500
17550,-24.21674,-8.72399,-15.49275,-6.51366,-8.34797,-0.63112,0.9484,159.22,0.1643,30.82,6.45,0.486,0.501,0.196,0.0220,0.0500
17575,-24.26921,-8.77256,-15.49665,-6.50026,-8.36157,-0.63481,0.9465,64.39,0.0665,30.87,6.21,0.486,0.501,0.196,0.0220,0.0500
17600,-24.29532,-8.77370,-15.52163,-6.51357,-8.38373,-0.62432,0.9484,63.37,0.0654,30.39,6.03,0.486,0.502,0.196,0.0220,0.0500
17625,-24.30696,-8.74983,-15.55713,-6.53112,-8.40490,-0.62111,0.9510,68.41,0.0706,30.50,6.31,0.486,0.502,0.196,0.0220,0.0500
17650,-24.20694,-8.73415,-15.47278,-6.47902,-8.36605,-0.62771,0.9434,64.53,0.0666,30.64,6.27,0.486,0.502,0.196,0.0220,0.0500
17675,-24.18913,-8.67285,-15.51627,-6.49023,-8.39344,-0.63260,0.9450,64.39,0.0665,30.88,6.20,0.486,0.502,0.196,0.0220,0.0500
17700,-24.26638,-8.77110,-15.49528,-6.51534,-8.34884,-0.63110,0.9487,-25.37,-0.0262,31.15,6.18,0.486,0.502,0.196,0.0220,0.0500
17725,-24.14635,-8.67936,-15.46698,-6.50688,-8.33158,-0.62853,0.9474,69.56,0.0718,30.84,6.12,0.486,0.502,0.196,0.0220,0.0500
17750,-24.21450,-8.72261,-15.49189,-6.53026,-8.32584,-0.63579,0.9508,67.33,0.0695,30.97,6.08,0.486,0.502,0.196,0.0220,0.0500
17775,-24.26561,-8.76674,-15.49887,-6.49055,-8.36129,-0.64703,0.9450,68.56,0.0707,30.87,6.00,0.486,0.502,0.196,0.0220,0.0500
17800,-24.20990,-8.72685,-15.48305,-6.52963,-8.32928,-0.62414,0.9507,77.99,0.0805,30.62,6.08,0.486,0.502,0.196,0.0220,0.0500
17825,-24.21144,-8.70928,-15.50217,-6.51948,-8.36305,-0.61964,0.9493,72.16,0.0745,30.85,6.04,0.486,0.502,0.196,0.0220,0.0500
17850,-24.22870,-8.72174,-15.50695,-6.50987,-8.36504,-0.63204,0.9479,73.56,0.0759,30.77,5.90,0.486,0.502,0.196,0.0220,0.0500
17875,-24.25764,-8.70881,-15.54884,-6.51954,-8.40438,-0.62492,0.9493,78.71,0.0812,31.07,5.86,0.486,0.502,0.196,0.0220,0.0500
17900,-24.20257,-8.67383,-15.52874,-6.53474,-8.37298,-0.62102,0.9515,79.55,0.0822,30.90,6.22,0.486,0.502,0.196,0.0220,0.0500
17925,-24.19992,-8.69596,-15.50395,-6.53577,-8.32850,-0.63969,0.9516,-7.76,-0.0080,30.59,6.18,0.486,0.502,0.196,0.0220,0.0500
17950,-24.19574,-8.69577,-15.49997,-6.51534,-8.36085,-0.62378,0.9487,-9.87,-0.0102,30.70,6.11,0.486,0.502,0.196,0.0220,0.0500
17975,-24.21362,-8.73590,-15.47773,-6.49663,-8.33226,-0.64883,0.9459,-8.16,-0.0084,30.88,6.12,0.486,0.502,0.196,0.0220,0.0500
18000,-24.16231,-8.72264,-15.43967,-6.49668,-8.31284,-0.63015,0.9459,-16.43,-0.0170,31.01,5.91,0.486,0.502,0.186,0.0209,0.0500
18025,-24.17209,-8.70339,-15.46870,-6.52027,-8.33537,-0.61306,0.9494,73.77,0.0761,30.98,6.00,0.486,0.502,0.186,0.0209,0.0500
18050,-24.19541,-8.71217,-15.48324,-6.50422,-8.35180,-0.62723,0.9470,74.32,0.0767,30.78,6.16,0.486,0.502,0.186,0.0209,0.0500
18075,-24.20271,-8.66564,-15.53707,-6.53428,-8.38136,-0.62142,0.9514,72.86,0.0752,30.54,6.25,0.486,0.502,0.186,0.0209,0.0500
18100,-24.23704,-8.74001,-15.49703,-6.50183,-8.36443,-0.63077,0.9467,71.12,0.0734,30.73,6.02,0.486,0.502,0.186,0.0209,0.0500
18125,-24.20240,-8.71020,-15.49219,-6.49835,-8.34891,-0.64494,0.9462,70.80,0.0731,30.83,6.18,0.486,0.502,0.186,0.0209,0.0500
18150,-24.26720,-8.75707,-15.51014,-6.51428,-8.37018,-0.62568,0.9485,72.51,0.0748,30.56,6.18,0.486,0.502,0.186,0.0209,0.0500
